ZIP,Pkg Sort Code,ACI Hub,Presort Group Name,
93304,LAX-S-45,LAX,LAX-S,
93308,LAX-S-10,LAX,LAX-S,
93312,LAX-S-10,LAX,LAX-S,
93313,LAX-S-45,LAX,LAX-S,
93314,LAX-S-10,LAX,LAX-S,
93383,LAX-S-45,LAX,LAX-S,
93384,LAX-S-45,LAX,LAX-S,
85005,LAX-P-60,LAX,LAX-P,
85007,LAX-P-60,LAX,LAX-P,
85008,LAX-T-35,LAX,LAX-T,
85009,LAX-P-60,LAX,LAX-P,
85010,LAX-T-35,LAX,LAX-T,
85011,LAX-P-55,LAX,LAX-P,
85012,LAX-P-55,LAX,LAX-P,
85013,LAX-P-55,LAX,LAX-P,
85014,LAX-P-55,LAX,LAX-P,
85015,LAX-P-27,LAX,LAX-P,
85017,LAX-P-27,LAX,LAX-P,
85018,LAX-T-35,LAX,LAX-T,
85019,LAX-P-01,LAX,LAX-P,
85020,LAX-P-25,LAX,LAX-P,
85021,LAX-P-26,LAX,LAX-P,
85022,LAX-P-25,LAX,LAX-P,
85023,LAX-P-23,LAX,LAX-P,
85024,LAX-P-43,LAX,LAX-P,
85027,LAX-P-23,LAX,LAX-P,
85028,LAX-T-27,LAX,LAX-T,
85029,LAX-P-20,LAX,LAX-P,
85031,LAX-P-01,LAX,LAX-P,
85032,LAX-T-27,LAX,LAX-T,
85033,LAX-P-01,LAX,LAX-P,
85035,LAX-P-01,LAX,LAX-P,
85037,LAX-P-01,LAX,LAX-P,
85043,LAX-P-01,LAX,LAX-P,
85046,LAX-T-27,LAX,LAX-T,
85050,LAX-P-43,LAX,LAX-P,
85051,LAX-P-26,LAX,LAX-P,
85053,LAX-P-20,LAX,LAX-P,
85054,LAX-P-43,LAX,LAX-P,
85060,LAX-T-35,LAX,LAX-T,
85061,LAX-P-27,LAX,LAX-P,
85063,LAX-P-01,LAX,LAX-P,
85067,LAX-P-55,LAX,LAX-P,
85068,LAX-P-25,LAX,LAX-P,
85069,LAX-P-26,LAX,LAX-P,
85071,LAX-P-20,LAX,LAX-P,
85078,LAX-T-27,LAX,LAX-T,
85079,LAX-P-27,LAX,LAX-P,
85080,LAX-P-23,LAX,LAX-P,
85083,LAX-P-14,LAX,LAX-P,
85085,LAX-P-14,LAX,LAX-P,
85086,LAX-P-14,LAX,LAX-P,
85138,LAX-T-23,LAX,LAX-T,
85193,LAX-T-25,LAX,LAX-T,
85194,LAX-T-25,LAX,LAX-T,
85301,LAX-P-16,LAX,LAX-P,
85302,LAX-P-10,LAX,LAX-P,
85303,LAX-P-16,LAX,LAX-P,
85304,LAX-P-10,LAX,LAX-P,
85305,LAX-P-16,LAX,LAX-P,
85306,LAX-P-10,LAX,LAX-P,
85307,LAX-P-16,LAX,LAX-P,
85308,LAX-P-15,LAX,LAX-P,
85309,LAX-P-16,LAX,LAX-P,
85310,LAX-P-15,LAX,LAX-P,
85311,LAX-P-16,LAX,LAX-P,
85312,LAX-P-10,LAX,LAX-P,
85318,LAX-P-15,LAX,LAX-P,
85323,LAX-P-03,LAX,LAX-P,
85338,LAX-P-03,LAX,LAX-P,
85345,LAX-P-30,LAX,LAX-P,
85351,LAX-P-40,LAX,LAX-P,
85363,LAX-P-40,LAX,LAX-P,
85374,LAX-P-04,LAX,LAX-P,
85380,LAX-P-30,LAX,LAX-P,
85381,LAX-P-06,LAX,LAX-P,
85382,LAX-P-06,LAX,LAX-P,
85383,LAX-P-06,LAX,LAX-P,
85385,LAX-P-06,LAX,LAX-P,
85392,LAX-P-03,LAX,LAX-P,
85395,LAX-P-03,LAX,LAX-P,
83605,LAX-T-46,LAX,LAX-T,
83606,LAX-T-46,LAX,LAX-T,
83642,LAX-T-22,LAX,LAX-T,
83646,LAX-T-22,LAX,LAX-T,
83651,LAX-T-17,LAX,LAX-T,
83652,LAX-T-17,LAX,LAX-T,
83653,LAX-T-17,LAX,LAX-T,
83680,LAX-T-22,LAX,LAX-T,
83686,LAX-T-17,LAX,LAX-T,
83687,LAX-T-17,LAX,LAX-T,
06103,NYC-C-47,NYC,NYC-C,
06108,NYC-C-47,NYC,NYC-C,
06109,NYC-C-47,NYC,NYC-C,
06114,NYC-C-47,NYC,NYC-C,
06128,NYC-C-47,NYC,NYC-C,
06167,NYC-C-47,NYC,NYC-C,
02760,NYC-C-57,NYC,NYC-C,
02761,NYC-C-57,NYC,NYC-C,
02762,NYC-C-57,NYC,NYC-C,
02763,NYC-C-57,NYC,NYC-C,
02747,NYC-C-82,NYC,NYC-C,
02745,NYC-C-34,NYC,NYC-C,
02746,NYC-C-34,NYC,NYC-C,
02740,NYC-C-25,NYC,NYC-C,
02741,NYC-C-25,NYC,NYC-C,
02742,NYC-C-25,NYC,NYC-C,
02744,NYC-C-25,NYC,NYC-C,
02718,NYC-C-08,NYC,NYC-C,
02766,NYC-C-08,NYC,NYC-C,
02767,NYC-C-08,NYC,NYC-C,
02779,NYC-C-08,NYC,NYC-C,
02780,NYC-C-08,NYC,NYC-C,
02703,NYC-C-53,NYC,NYC-C,
02720,NYC-C-56,NYC,NYC-C,
02721,NYC-C-37,NYC,NYC-C,
02722,NYC-C-37,NYC,NYC-C,
02723,NYC-C-37,NYC,NYC-C,
03038,NYC-C-45,NYC,NYC-C,
03053,NYC-C-90,NYC,NYC-C,
03051,NYC-C-15,NYC,NYC-C,
03052,NYC-C-15,NYC,NYC-C,
03062,NYC-C-15,NYC,NYC-C,
03076,NYC-C-15,NYC,NYC-C,
03101,NYC-C-13,NYC,NYC-C,
03103,NYC-C-13,NYC,NYC-C,
03104,NYC-C-13,NYC,NYC-C,
03109,NYC-C-13,NYC,NYC-C,
11205,NYC-B-04,NYC,NYC-B,
11206,NYC-B-04,NYC,NYC-B,
11211,NYC-B-09,NYC,NYC-B,
11221,NYC-B-18,NYC,NYC-B,
11222,NYC-B-19,NYC,NYC-B,
11237,NYC-B-33,NYC,NYC-B,
11249,NYC-B-09,NYC,NYC-B,
11251,NYC-B-04,NYC,NYC-B,
11201,NYC-B-01,NYC,NYC-B,
11202,NYC-B-01,NYC,NYC-B,
11204,NYC-B-03,NYC,NYC-B,
11209,NYC-B-07,NYC,NYC-B,
11214,NYC-B-12,NYC,NYC-B,
11215,NYC-B-13,NYC,NYC-B,
11220,NYC-B-17,NYC,NYC-B,
11228,NYC-B-24,NYC,NYC-B,
11231,NYC-B-27,NYC,NYC-B,
11232,NYC-B-28,NYC,NYC-B,
11241,NYC-B-01,NYC,NYC-B,
11242,NYC-B-01,NYC,NYC-B,
11245,NYC-B-01,NYC,NYC-B,
11252,NYC-B-07,NYC,NYC-B,
11218,NYC-B-15,NYC,NYC-B,
11219,NYC-B-16,NYC,NYC-B,
11223,NYC-B-20,NYC,NYC-B,
11224,NYC-B-21,NYC,NYC-B,
11229,NYC-B-25,NYC,NYC-B,
11230,NYC-B-26,NYC,NYC-B,
11235,NYC-B-31,NYC,NYC-B,
11207,NYC-B-05,NYC,NYC-B,
11208,NYC-B-06,NYC,NYC-B,
11212,NYC-B-10,NYC,NYC-B,
11213,NYC-B-11,NYC,NYC-B,
11216,NYC-B-14,NYC,NYC-B,
11217,NYC-B-35,NYC,NYC-B,
11225,NYC-B-22,NYC,NYC-B,
11226,NYC-B-23,NYC,NYC-B,
11233,NYC-B-29,NYC,NYC-B,
11243,NYC-B-35,NYC,NYC-B,
11247,NYC-B-14,NYC,NYC-B,
11203,NYC-B-02,NYC,NYC-B,
11210,NYC-B-08,NYC,NYC-B,
11234,NYC-B-30,NYC,NYC-B,
11238,NYC-B-34,NYC,NYC-B,
11236,NYC-B-32,NYC,NYC-B,
11239,NYC-B-32,NYC,NYC-B,
11256,NYC-B-36,NYC,NYC-B,
11416,NYC-B-36,NYC,NYC-B,
11417,NYC-B-36,NYC,NYC-B,
10463,NYC-X-12,NYC,NYC-X,
10466,NYC-X-14,NYC,NYC-X,
10467,NYC-X-15,NYC,NYC-X,
10469,NYC-X-17,NYC,NYC-X,
10470,NYC-X-18,NYC,NYC-X,
10471,NYC-X-19,NYC,NYC-X,
10475,NYC-X-22,NYC,NYC-X,
10460,NYC-X-09,NYC,NYC-X,
10461,NYC-X-10,NYC,NYC-X,
10462,NYC-X-11,NYC,NYC-X,
10464,NYC-X-23,NYC,NYC-X,
10465,NYC-X-13,NYC,NYC-X,
10453,NYC-X-02,NYC,NYC-X,
10457,NYC-X-06,NYC,NYC-X,
10458,NYC-X-07,NYC,NYC-X,
10468,NYC-X-16,NYC,NYC-X,
10451,NYC-X-01,NYC,NYC-X,
10452,NYC-X-01,NYC,NYC-X,
10454,NYC-X-03,NYC,NYC-X,
10455,NYC-X-04,NYC,NYC-X,
10456,NYC-X-05,NYC,NYC-X,
10459,NYC-X-08,NYC,NYC-X,
10472,NYC-X-20,NYC,NYC-X,
10473,NYC-X-21,NYC,NYC-X,
10474,NYC-X-08,NYC,NYC-X,
91302,LAX-P-32,LAX,LAX-P,
91364,LAX-P-32,LAX,LAX-P,
91365,LAX-P-32,LAX,LAX-P,
91367,LAX-P-32,LAX,LAX-P,
91371,LAX-P-32,LAX,LAX-P,
93534,LAX-P-02,LAX,LAX-P,
93535,LAX-P-02,LAX,LAX-P,
93536,LAX-P-02,LAX,LAX-P,
93539,LAX-P-02,LAX,LAX-P,
93550,LAX-P-08,LAX,LAX-P,
93551,LAX-P-08,LAX,LAX-P,
93552,LAX-P-08,LAX,LAX-P,
93586,LAX-P-02,LAX,LAX-P,
93590,LAX-P-08,LAX,LAX-P,
93591,LAX-P-08,LAX,LAX-P,
93599,LAX-P-08,LAX,LAX-P,
94503,LAX-M-12,LAX,LAX-M,
94509,LAX-M-09,LAX,LAX-M,
94513,LAX-M-34,LAX,LAX-M,
94518,LAX-M-02,LAX,LAX-M,
94519,LAX-M-02,LAX,LAX-M,
94520,LAX-M-02,LAX,LAX-M,
94521,LAX-M-02,LAX,LAX-M,
94522,LAX-M-02,LAX,LAX-M,
94523,LAX-M-02,LAX,LAX-M,
94524,LAX-M-02,LAX,LAX-M,
94527,LAX-M-02,LAX,LAX-M,
94529,LAX-M-02,LAX,LAX-M,
94531,LAX-M-09,LAX,LAX-M,
94533,LAX-M-07,LAX,LAX-M,
94534,LAX-M-07,LAX,LAX-M,
94535,LAX-M-07,LAX,LAX-M,
94553,LAX-M-42,LAX,LAX-M,
94558,LAX-M-30,LAX,LAX-M,
94559,LAX-M-30,LAX,LAX-M,
94561,LAX-M-45,LAX,LAX-M,
94565,LAX-M-14,LAX,LAX-M,
94581,LAX-M-30,LAX,LAX-M,
94589,LAX-M-12,LAX,LAX-M,
94590,LAX-M-12,LAX,LAX-M,
94591,LAX-M-31,LAX,LAX-M,
94592,LAX-M-12,LAX,LAX-M,
94595,LAX-M-28,LAX,LAX-M,
94596,LAX-M-28,LAX,LAX-M,
94597,LAX-M-28,LAX,LAX-M,
94598,LAX-M-28,LAX,LAX-M,
94801,LAX-M-29,LAX,LAX-M,
94802,LAX-M-29,LAX,LAX-M,
94804,LAX-M-29,LAX,LAX-M,
94805,LAX-M-26,LAX,LAX-M,
94806,LAX-M-26,LAX,LAX-M,
94807,LAX-M-29,LAX,LAX-M,
94808,LAX-M-29,LAX,LAX-M,
94850,LAX-M-29,LAX,LAX-M,
95687,LAX-M-32,LAX,LAX-M,
95688,LAX-M-54,LAX,LAX-M,
95696,LAX-M-32,LAX,LAX-M,
92231,LAX-T-01,LAX,LAX-T,
92232,LAX-T-01,LAX,LAX-T,
20108,NYC-H-07,NYC,NYC-H,
20109,NYC-H-07,NYC,NYC-H,
20110,NYC-H-07,NYC,NYC-H,
20111,NYC-H-24,NYC,NYC-H,
20112,NYC-H-24,NYC,NYC-H,
20120,NYC-H-28,NYC,NYC-H,
20136,NYC-H-08,NYC,NYC-H,
20146,NYC-H-09,NYC,NYC-H,
20147,NYC-H-09,NYC,NYC-H,
20148,NYC-H-09,NYC,NYC-H,
20149,NYC-H-09,NYC,NYC-H,
20151,NYC-H-10,NYC,NYC-H,
20152,NYC-H-10,NYC,NYC-H,
20153,NYC-H-10,NYC,NYC-H,
20156,NYC-H-08,NYC,NYC-H,
20168,NYC-H-08,NYC,NYC-H,
20190,NYC-H-42,NYC,NYC-H,
20191,NYC-H-42,NYC,NYC-H,
20194,NYC-H-42,NYC,NYC-H,
20195,NYC-H-42,NYC,NYC-H,
20196,NYC-H-42,NYC,NYC-H,
20601,NYC-H-04,NYC,NYC-H,
20602,NYC-H-04,NYC,NYC-H,
20603,NYC-H-04,NYC,NYC-H,
20695,NYC-H-04,NYC,NYC-H,
20703,NYC-H-17,NYC,NYC-H,
20706,NYC-H-17,NYC,NYC-H,
20707,NYC-H-03,NYC,NYC-H,
20708,NYC-H-03,NYC,NYC-H,
20710,NYC-H-01,NYC,NYC-H,
20712,NYC-H-01,NYC,NYC-H,
20715,NYC-H-05,NYC,NYC-H,
20718,NYC-H-05,NYC,NYC-H,
20719,NYC-H-05,NYC,NYC-H,
20720,NYC-H-05,NYC,NYC-H,
20721,NYC-H-05,NYC,NYC-H,
20722,NYC-H-01,NYC,NYC-H,
20723,NYC-H-03,NYC,NYC-H,
20724,NYC-H-03,NYC,NYC-H,
20735,NYC-H-31,NYC,NYC-H,
20737,NYC-H-01,NYC,NYC-H,
20744,NYC-H-18,NYC,NYC-H,
20747,NYC-H-40,NYC,NYC-H,
20749,NYC-H-18,NYC,NYC-H,
20753,NYC-H-40,NYC,NYC-H,
20772,NYC-H-34,NYC,NYC-H,
20773,NYC-H-34,NYC,NYC-H,
20774,NYC-H-19,NYC,NYC-H,
20781,NYC-H-01,NYC,NYC-H,
20782,NYC-H-01,NYC,NYC-H,
20783,NYC-H-01,NYC,NYC-H,
20784,NYC-H-01,NYC,NYC-H,
20785,NYC-H-27,NYC,NYC-H,
20792,NYC-H-19,NYC,NYC-H,
20812,NYC-H-20,NYC,NYC-H,
20814,NYC-H-20,NYC,NYC-H,
20815,NYC-H-20,NYC,NYC-H,
20816,NYC-H-20,NYC,NYC-H,
20817,NYC-H-20,NYC,NYC-H,
20827,NYC-H-20,NYC,NYC-H,
20849,NYC-H-26,NYC,NYC-H,
20850,NYC-H-26,NYC,NYC-H,
20855,NYC-H-26,NYC,NYC-H,
20857,NYC-H-26,NYC,NYC-H,
20874,NYC-H-06,NYC,NYC-H,
20875,NYC-H-06,NYC,NYC-H,
20876,NYC-H-06,NYC,NYC-H,
20878,NYC-H-35,NYC,NYC-H,
20879,NYC-H-13,NYC,NYC-H,
20883,NYC-H-35,NYC,NYC-H,
20885,NYC-H-35,NYC,NYC-H,
20886,NYC-H-13,NYC,NYC-H,
20901,NYC-H-32,NYC,NYC-H,
20902,NYC-H-30,NYC,NYC-H,
20903,NYC-H-32,NYC,NYC-H,
20904,NYC-H-16,NYC,NYC-H,
20915,NYC-H-30,NYC,NYC-H,
20993,NYC-H-32,NYC,NYC-H,
21044,NYC-H-37,NYC,NYC-H,
21045,NYC-H-37,NYC,NYC-H,
21046,NYC-H-37,NYC,NYC-H,
21060,NYC-H-11,NYC,NYC-H,
21061,NYC-H-11,NYC,NYC-H,
21062,NYC-H-11,NYC,NYC-H,
21122,NYC-H-29,NYC,NYC-H,
21219,NYC-H-25,NYC,NYC-H,
21222,NYC-H-25,NYC,NYC-H,
21701,NYC-H-12,NYC,NYC-H,
21702,NYC-H-12,NYC,NYC-H,
21703,NYC-H-12,NYC,NYC-H,
21704,NYC-H-12,NYC,NYC-H,
21705,NYC-H-12,NYC,NYC-H,
21709,NYC-H-12,NYC,NYC-H,
22003,NYC-H-39,NYC,NYC-H,
22009,NYC-H-33,NYC,NYC-H,
22015,NYC-H-33,NYC,NYC-H,
22025,NYC-H-02,NYC,NYC-H,
22030,NYC-H-22,NYC,NYC-H,
22031,NYC-H-36,NYC,NYC-H,
22032,NYC-H-36,NYC,NYC-H,
22033,NYC-H-10,NYC,NYC-H,
22035,NYC-H-22,NYC,NYC-H,
22037,NYC-H-36,NYC,NYC-H,
22038,NYC-H-22,NYC,NYC-H,
22039,NYC-H-22,NYC,NYC-H,
22042,NYC-H-38,NYC,NYC-H,
22043,NYC-H-38,NYC,NYC-H,
22150,NYC-H-23,NYC,NYC-H,
22151,NYC-H-33,NYC,NYC-H,
22153,NYC-H-23,NYC,NYC-H,
22158,NYC-H-23,NYC,NYC-H,
22159,NYC-H-23,NYC,NYC-H,
22160,NYC-H-23,NYC,NYC-H,
22161,NYC-H-23,NYC,NYC-H,
22191,NYC-H-15,NYC,NYC-H,
22192,NYC-H-02,NYC,NYC-H,
22193,NYC-H-02,NYC,NYC-H,
22194,NYC-H-15,NYC,NYC-H,
22195,NYC-H-02,NYC,NYC-H,
22304,NYC-H-43,NYC,NYC-H,
22311,NYC-H-41,NYC,NYC-H,
22312,NYC-H-41,NYC,NYC-H,
22350,NYC-H-41,NYC,NYC-H,
22601,NYC-H-14,NYC,NYC-H,
22602,NYC-H-14,NYC,NYC-H,
22603,NYC-H-14,NYC,NYC-H,
22604,NYC-H-14,NYC,NYC-H,
25401,NYC-H-21,NYC,NYC-H,
25402,NYC-H-21,NYC,NYC-H,
25403,NYC-H-21,NYC,NYC-H,
25404,NYC-H-21,NYC,NYC-H,
25405,NYC-H-21,NYC,NYC-H,
80001,LAX-U-26,LAX,LAX-U,
80002,LAX-U-26,LAX,LAX-U,
80003,LAX-U-33,LAX,LAX-U,
80004,LAX-U-26,LAX,LAX-U,
80005,LAX-U-33,LAX,LAX-U,
80006,LAX-U-33,LAX,LAX-U,
80007,LAX-U-33,LAX,LAX-U,
80010,LAX-U-13,LAX,LAX-U,
80011,LAX-U-13,LAX,LAX-U,
80012,LAX-U-51,LAX,LAX-U,
80013,LAX-U-01,LAX,LAX-U,
80014,LAX-U-51,LAX,LAX-U,
80015,LAX-U-03,LAX,LAX-U,
80016,LAX-U-03,LAX,LAX-U,
80017,LAX-U-01,LAX,LAX-U,
80018,LAX-U-01,LAX,LAX-U,
80019,LAX-U-01,LAX,LAX-U,
80020,LAX-U-35,LAX,LAX-U,
80022,LAX-U-37,LAX,LAX-U,
80023,LAX-U-35,LAX,LAX-U,
80030,LAX-U-41,LAX,LAX-U,
80031,LAX-U-41,LAX,LAX-U,
80035,LAX-U-41,LAX,LAX-U,
80036,LAX-U-41,LAX,LAX-U,
80037,LAX-U-37,LAX,LAX-U,
80038,LAX-U-35,LAX,LAX-U,
80040,LAX-U-13,LAX,LAX-U,
80041,LAX-U-13,LAX,LAX-U,
80044,LAX-U-51,LAX,LAX-U,
80045,LAX-U-13,LAX,LAX-U,
80046,LAX-U-03,LAX,LAX-U,
80047,LAX-U-01,LAX,LAX-U,
80104,LAX-U-27,LAX,LAX-U,
80108,LAX-U-27,LAX,LAX-U,
80109,LAX-U-27,LAX,LAX-U,
80110,LAX-U-56,LAX,LAX-U,
80111,LAX-U-42,LAX,LAX-U,
80112,LAX-U-42,LAX,LAX-U,
80113,LAX-U-56,LAX,LAX-U,
80124,LAX-U-14,LAX,LAX-U,
80125,LAX-U-20,LAX,LAX-U,
80126,LAX-U-14,LAX,LAX-U,
80127,LAX-U-20,LAX,LAX-U,
80128,LAX-U-20,LAX,LAX-U,
80129,LAX-U-14,LAX,LAX-U,
80130,LAX-U-14,LAX,LAX-U,
80134,LAX-U-17,LAX,LAX-U,
80138,LAX-U-17,LAX,LAX-U,
80150,LAX-U-56,LAX,LAX-U,
80155,LAX-U-42,LAX,LAX-U,
80163,LAX-U-14,LAX,LAX-U,
80203,LAX-U-40,LAX,LAX-U,
80205,LAX-U-40,LAX,LAX-U,
80215,LAX-U-16,LAX,LAX-U,
80218,LAX-U-40,LAX,LAX-U,
80219,LAX-U-36,LAX,LAX-U,
80221,LAX-U-22,LAX,LAX-U,
80222,LAX-U-58,LAX,LAX-U,
80224,LAX-U-58,LAX,LAX-U,
80225,LAX-U-16,LAX,LAX-U,
80226,LAX-U-16,LAX,LAX-U,
80227,LAX-U-30,LAX,LAX-U,
80228,LAX-U-16,LAX,LAX-U,
80229,LAX-U-43,LAX,LAX-U,
80231,LAX-U-19,LAX,LAX-U,
80232,LAX-U-30,LAX,LAX-U,
80233,LAX-U-23,LAX,LAX-U,
80235,LAX-U-30,LAX,LAX-U,
80236,LAX-U-30,LAX,LAX-U,
80237,LAX-U-19,LAX,LAX-U,
80238,LAX-U-10,LAX,LAX-U,
80239,LAX-U-10,LAX,LAX-U,
80241,LAX-U-23,LAX,LAX-U,
80247,LAX-U-19,LAX,LAX-U,
80249,LAX-U-10,LAX,LAX-U,
80260,LAX-U-22,LAX,LAX-U,
80264,LAX-U-40,LAX,LAX-U,
80273,LAX-U-40,LAX,LAX-U,
80301,LAX-U-45,LAX,LAX-U,
80303,LAX-U-45,LAX,LAX-U,
80304,LAX-U-45,LAX,LAX-U,
80308,LAX-U-45,LAX,LAX-U,
80309,LAX-U-45,LAX,LAX-U,
80310,LAX-U-45,LAX,LAX-U,
80314,LAX-U-45,LAX,LAX-U,
80401,LAX-U-53,LAX,LAX-U,
80402,LAX-U-53,LAX,LAX-U,
80403,LAX-U-53,LAX,LAX-U,
80419,LAX-U-53,LAX,LAX-U,
80501,LAX-U-05,LAX,LAX-U,
80502,LAX-U-05,LAX,LAX-U,
80503,LAX-U-05,LAX,LAX-U,
80504,LAX-U-05,LAX,LAX-U,
80521,LAX-U-46,LAX,LAX-U,
80522,LAX-U-46,LAX,LAX-U,
80523,LAX-U-46,LAX,LAX-U,
80524,LAX-U-46,LAX,LAX-U,
80525,LAX-U-08,LAX,LAX-U,
80526,LAX-U-08,LAX,LAX-U,
80527,LAX-U-08,LAX,LAX-U,
80528,LAX-U-08,LAX,LAX-U,
80537,LAX-U-49,LAX,LAX-U,
80538,LAX-U-52,LAX,LAX-U,
80539,LAX-U-52,LAX,LAX-U,
80547,LAX-U-08,LAX,LAX-U,
80553,LAX-U-08,LAX,LAX-U,
80601,LAX-U-15,LAX,LAX-U,
80602,LAX-U-15,LAX,LAX-U,
80631,LAX-U-44,LAX,LAX-U,
80632,LAX-U-44,LAX,LAX-U,
80633,LAX-U-29,LAX,LAX-U,
80634,LAX-U-29,LAX,LAX-U,
80638,LAX-U-29,LAX,LAX-U,
80639,LAX-U-44,LAX,LAX-U,
80905,LAX-S-42,LAX,LAX-S,
80906,LAX-S-42,LAX,LAX-S,
80908,LAX-S-18,LAX,LAX-S,
80910,LAX-S-14,LAX,LAX-S,
80911,LAX-S-35,LAX,LAX-S,
80912,LAX-S-09,LAX,LAX-S,
80914,LAX-S-09,LAX,LAX-S,
80915,LAX-S-09,LAX,LAX-S,
80916,LAX-S-14,LAX,LAX-S,
80917,LAX-S-22,LAX,LAX-S,
80918,LAX-S-22,LAX,LAX-S,
80920,LAX-S-18,LAX,LAX-S,
80921,LAX-S-18,LAX,LAX-S,
80922,LAX-S-09,LAX,LAX-S,
80923,LAX-S-09,LAX,LAX-S,
80924,LAX-S-18,LAX,LAX-S,
80925,LAX-S-35,LAX,LAX-S,
80926,LAX-S-42,LAX,LAX-S,
80927,LAX-S-09,LAX,LAX-S,
80928,LAX-S-35,LAX,LAX-S,
80929,LAX-S-35,LAX,LAX-S,
80930,LAX-S-35,LAX,LAX-S,
80931,LAX-S-35,LAX,LAX-S,
80935,LAX-S-14,LAX,LAX-S,
80936,LAX-S-22,LAX,LAX-S,
80937,LAX-S-42,LAX,LAX-S,
80938,LAX-S-09,LAX,LAX-S,
80939,LAX-S-09,LAX,LAX-S,
80941,LAX-S-14,LAX,LAX-S,
80951,LAX-S-09,LAX,LAX-S,
80960,LAX-S-42,LAX,LAX-S,
80962,LAX-S-18,LAX,LAX-S,
80970,LAX-S-09,LAX,LAX-S,
80995,LAX-S-14,LAX,LAX-S,
80997,LAX-S-18,LAX,LAX-S,
95501,LAX-M-38,LAX,LAX-M,
95502,LAX-M-38,LAX,LAX-M,
95503,LAX-M-38,LAX,LAX-M,
95518,LAX-M-55,LAX,LAX-M,
95519,LAX-M-55,LAX,LAX-M,
95521,LAX-M-55,LAX,LAX-M,
95534,LAX-M-38,LAX,LAX-M,
93611,LAX-P-21,LAX,LAX-P,
93612,LAX-P-21,LAX,LAX-P,
93613,LAX-P-21,LAX,LAX-P,
93619,LAX-P-21,LAX,LAX-P,
93650,LAX-P-39,LAX,LAX-P,
93701,LAX-P-58,LAX,LAX-P,
93702,LAX-P-12,LAX,LAX-P,
93703,LAX-P-58,LAX,LAX-P,
93705,LAX-P-36,LAX,LAX-P,
93706,LAX-P-12,LAX,LAX-P,
93710,LAX-P-39,LAX,LAX-P,
93720,LAX-P-39,LAX,LAX-P,
93721,LAX-P-12,LAX,LAX-P,
93722,LAX-P-36,LAX,LAX-P,
93723,LAX-P-36,LAX,LAX-P,
93725,LAX-P-12,LAX,LAX-P,
93726,LAX-P-58,LAX,LAX-P,
93727,LAX-P-12,LAX,LAX-P,
93728,LAX-P-58,LAX,LAX-P,
93729,LAX-P-39,LAX,LAX-P,
93730,LAX-P-39,LAX,LAX-P,
93737,LAX-P-12,LAX,LAX-P,
93790,LAX-P-36,LAX,LAX-P,
93791,LAX-P-36,LAX,LAX-P,
93792,LAX-P-36,LAX,LAX-P,
93793,LAX-P-36,LAX,LAX-P,
93794,LAX-P-36,LAX,LAX-P,
86001,LAX-L-35,LAX,LAX-L,
86002,LAX-L-35,LAX,LAX-L,
86003,LAX-L-35,LAX,LAX-L,
86004,LAX-L-35,LAX,LAX-L,
86005,LAX-L-35,LAX,LAX-L,
86011,LAX-L-35,LAX,LAX-L,
86015,LAX-L-35,LAX,LAX-L,
86301,LAX-L-45,LAX,LAX-L,
86302,LAX-L-45,LAX,LAX-L,
86303,LAX-L-45,LAX,LAX-L,
86304,LAX-L-45,LAX,LAX-L,
86313,LAX-L-45,LAX,LAX-L,
94501,LAX-S-27,LAX,LAX-S,
94502,LAX-S-27,LAX,LAX-S,
94506,LAX-S-49,LAX,LAX-S,
94526,LAX-S-49,LAX,LAX-S,
94536,LAX-S-13,LAX,LAX-S,
94537,LAX-S-13,LAX,LAX-S,
94538,LAX-S-36,LAX,LAX-S,
94539,LAX-S-52,LAX,LAX-S,
94540,LAX-S-01,LAX,LAX-S,
94541,LAX-S-01,LAX,LAX-S,
94542,LAX-S-01,LAX,LAX-S,
94543,LAX-S-01,LAX,LAX-S,
94544,LAX-S-01,LAX,LAX-S,
94545,LAX-S-01,LAX,LAX-S,
94546,LAX-S-37,LAX,LAX-S,
94550,LAX-S-20,LAX,LAX-S,
94551,LAX-S-20,LAX,LAX-S,
94552,LAX-S-37,LAX,LAX-S,
94555,LAX-S-13,LAX,LAX-S,
94557,LAX-S-01,LAX,LAX-S,
94560,LAX-S-50,LAX,LAX-S,
94566,LAX-S-40,LAX,LAX-S,
94568,LAX-S-03,LAX,LAX-S,
94577,LAX-S-15,LAX,LAX-S,
94578,LAX-S-23,LAX,LAX-S,
94579,LAX-S-15,LAX,LAX-S,
94580,LAX-S-23,LAX,LAX-S,
94582,LAX-S-03,LAX,LAX-S,
94583,LAX-S-03,LAX,LAX-S,
94587,LAX-S-30,LAX,LAX-S,
94588,LAX-S-40,LAX,LAX-S,
94601,LAX-S-07,LAX,LAX-S,
94602,LAX-S-33,LAX,LAX-S,
94603,LAX-S-07,LAX,LAX-S,
94604,LAX-S-19,LAX,LAX-S,
94605,LAX-S-55,LAX,LAX-S,
94606,LAX-S-19,LAX,LAX-S,
94607,LAX-S-19,LAX,LAX-S,
94610,LAX-S-33,LAX,LAX-S,
94612,LAX-S-19,LAX,LAX-S,
94614,LAX-S-07,LAX,LAX-S,
94617,LAX-S-19,LAX,LAX-S,
94618,LAX-S-33,LAX,LAX-S,
94621,LAX-S-07,LAX,LAX-S,
94701,LAX-S-21,LAX,LAX-S,
94702,LAX-S-21,LAX,LAX-S,
94704,LAX-S-21,LAX,LAX-S,
94706,LAX-S-21,LAX,LAX-S,
94707,LAX-S-21,LAX,LAX-S,
94708,LAX-S-21,LAX,LAX-S,
94709,LAX-S-21,LAX,LAX-S,
94710,LAX-S-21,LAX,LAX-S,
94712,LAX-S-21,LAX,LAX-S,
94720,LAX-S-21,LAX,LAX-S,
02879,NYC-C-63,NYC,NYC-C,
02880,NYC-C-63,NYC,NYC-C,
02881,NYC-C-63,NYC,NYC-C,
02882,NYC-C-63,NYC,NYC-C,
02883,NYC-C-63,NYC,NYC-C,
02818,NYC-C-51,NYC,NYC-C,
02852,NYC-C-51,NYC,NYC-C,
02874,NYC-C-51,NYC,NYC-C,
02903,NYC-C-11,NYC,NYC-C,
02904,NYC-C-11,NYC,NYC-C,
02906,NYC-C-11,NYC,NYC-C,
02908,NYC-C-11,NYC,NYC-C,
02912,NYC-C-11,NYC,NYC-C,
02905,NYC-C-19,NYC,NYC-C,
02907,NYC-C-19,NYC,NYC-C,
02910,NYC-C-19,NYC,NYC-C,
02920,NYC-C-55,NYC,NYC-C,
02886,NYC-C-18,NYC,NYC-C,
02888,NYC-C-18,NYC,NYC-C,
02889,NYC-C-18,NYC,NYC-C,
02893,NYC-C-60,NYC,NYC-C,
02816,NYC-C-50,NYC,NYC-C,
06510,NYC-C-12,NYC,NYC-C,
06511,NYC-C-12,NYC,NYC-C,
06512,NYC-C-12,NYC,NYC-C,
06513,NYC-C-12,NYC,NYC-C,
06519,NYC-C-12,NYC,NYC-C,
06524,NYC-C-12,NYC,NYC-C,
06525,NYC-C-12,NYC,NYC-C,
06530,NYC-C-12,NYC,NYC-C,
06531,NYC-C-12,NYC,NYC-C,
06532,NYC-C-12,NYC,NYC-C,
06533,NYC-C-12,NYC,NYC-C,
06534,NYC-C-12,NYC,NYC-C,
06535,NYC-C-12,NYC,NYC-C,
06536,NYC-C-12,NYC,NYC-C,
06537,NYC-C-12,NYC,NYC-C,
06538,NYC-C-12,NYC,NYC-C,
06540,NYC-C-12,NYC,NYC-C,
03801,NYC-C-81,NYC,NYC-C,
03802,NYC-C-81,NYC,NYC-C,
03803,NYC-C-81,NYC,NYC-C,
03840,NYC-C-81,NYC,NYC-C,
02861,NYC-C-71,NYC,NYC-C,
02771,NYC-C-54,NYC,NYC-C,
02914,NYC-C-54,NYC,NYC-C,
02909,NYC-C-49,NYC,NYC-C,
02911,NYC-C-24,NYC,NYC-C,
02919,NYC-C-24,NYC,NYC-C,
02921,NYC-C-24,NYC,NYC-C,
01601,NYC-C-03,NYC,NYC-C,
01602,NYC-C-03,NYC,NYC-C,
01603,NYC-C-03,NYC,NYC-C,
01604,NYC-C-03,NYC,NYC-C,
01605,NYC-C-03,NYC,NYC-C,
01606,NYC-C-03,NYC,NYC-C,
01607,NYC-C-03,NYC,NYC-C,
01608,NYC-C-03,NYC,NYC-C,
01609,NYC-C-03,NYC,NYC-C,
01610,NYC-C-03,NYC,NYC-C,
01611,NYC-C-03,NYC,NYC-C,
01612,NYC-C-03,NYC,NYC-C,
01613,NYC-C-03,NYC,NYC-C,
01614,NYC-C-03,NYC,NYC-C,
01615,NYC-C-03,NYC,NYC-C,
01653,NYC-C-03,NYC,NYC-C,
01655,NYC-C-03,NYC,NYC-C,
02895,NYC-C-28,NYC,NYC-C,
02896,NYC-C-28,NYC,NYC-C,
02864,NYC-C-76,NYC,NYC-C,
02860,NYC-C-27,NYC,NYC-C,
02862,NYC-C-27,NYC,NYC-C,
02863,NYC-C-27,NYC,NYC-C,
02301,NYC-C-07,NYC,NYC-C,
02302,NYC-C-07,NYC,NYC-C,
02303,NYC-C-07,NYC,NYC-C,
02304,NYC-C-07,NYC,NYC-C,
02305,NYC-C-07,NYC,NYC-C,
03060,NYC-C-16,NYC,NYC-C,
03061,NYC-C-16,NYC,NYC-C,
03063,NYC-C-16,NYC,NYC-C,
03064,NYC-C-16,NYC,NYC-C,
03246,NYC-C-75,NYC,NYC-C,
03247,NYC-C-75,NYC,NYC-C,
02445,NYC-C-67,NYC,NYC-C,
02446,NYC-C-67,NYC,NYC-C,
02447,NYC-C-67,NYC,NYC-C,
02115,NYC-C-89,NYC,NYC-C,
02123,NYC-C-89,NYC,NYC-C,
02127,NYC-C-84,NYC,NYC-C,
02109,NYC-C-83,NYC,NYC-C,
02110,NYC-C-83,NYC,NYC-C,
02111,NYC-C-83,NYC,NYC-C,
02112,NYC-C-83,NYC,NYC-C,
02134,NYC-C-83,NYC,NYC-C,
02205,NYC-C-83,NYC,NYC-C,
02206,NYC-C-83,NYC,NYC-C,
02210,NYC-C-83,NYC,NYC-C,
02211,NYC-C-83,NYC,NYC-C,
02212,NYC-C-83,NYC,NYC-C,
02217,NYC-C-83,NYC,NYC-C,
02241,NYC-C-83,NYC,NYC-C,
02266,NYC-C-83,NYC,NYC-C,
02283,NYC-C-83,NYC,NYC-C,
02284,NYC-C-83,NYC,NYC-C,
02293,NYC-C-83,NYC,NYC-C,
02297,NYC-C-83,NYC,NYC-C,
02298,NYC-C-83,NYC,NYC-C,
02128,NYC-C-01,NYC,NYC-C,
02129,NYC-C-01,NYC,NYC-C,
02143,NYC-C-01,NYC,NYC-C,
02144,NYC-C-01,NYC,NYC-C,
02145,NYC-C-01,NYC,NYC-C,
02149,NYC-C-01,NYC,NYC-C,
02150,NYC-C-01,NYC,NYC-C,
02152,NYC-C-01,NYC,NYC-C,
02204,NYC-C-01,NYC,NYC-C,
02141,NYC-C-44,NYC,NYC-C,
02142,NYC-C-44,NYC,NYC-C,
02163,NYC-C-44,NYC,NYC-C,
02138,NYC-C-59,NYC,NYC-C,
02140,NYC-C-59,NYC,NYC-C,
02471,NYC-C-62,NYC,NYC-C,
02472,NYC-C-62,NYC,NYC-C,
02477,NYC-C-62,NYC,NYC-C,
02456,NYC-C-64,NYC,NYC-C,
02458,NYC-C-64,NYC,NYC-C,
02460,NYC-C-64,NYC,NYC-C,
02462,NYC-C-64,NYC,NYC-C,
02495,NYC-C-64,NYC,NYC-C,
02135,NYC-C-66,NYC,NYC-C,
01810,NYC-C-73,NYC,NYC-C,
03301,NYC-C-22,NYC,NYC-C,
03303,NYC-C-22,NYC,NYC-C,
03305,NYC-C-22,NYC,NYC-C,
03102,NYC-C-46,NYC,NYC-C,
03110,NYC-C-46,NYC,NYC-C,
03055,NYC-C-88,NYC,NYC-C,
03839,NYC-C-41,NYC,NYC-C,
03866,NYC-C-41,NYC,NYC-C,
03867,NYC-C-41,NYC,NYC-C,
03868,NYC-C-41,NYC,NYC-C,
01950,NYC-C-86,NYC,NYC-C,
01951,NYC-C-86,NYC,NYC-C,
01952,NYC-C-86,NYC,NYC-C,
01830,NYC-C-14,NYC,NYC-C,
01831,NYC-C-14,NYC,NYC-C,
01832,NYC-C-14,NYC,NYC-C,
01835,NYC-C-14,NYC,NYC-C,
03079,NYC-C-40,NYC,NYC-C,
03087,NYC-C-40,NYC,NYC-C,
01840,NYC-C-02,NYC,NYC-C,
01841,NYC-C-02,NYC,NYC-C,
01842,NYC-C-02,NYC,NYC-C,
01843,NYC-C-02,NYC,NYC-C,
01844,NYC-C-02,NYC,NYC-C,
01845,NYC-C-02,NYC,NYC-C,
01821,NYC-C-09,NYC,NYC-C,
01824,NYC-C-09,NYC,NYC-C,
01852,NYC-C-09,NYC,NYC-C,
01862,NYC-C-09,NYC,NYC-C,
01826,NYC-C-33,NYC,NYC-C,
01850,NYC-C-33,NYC,NYC-C,
01851,NYC-C-21,NYC,NYC-C,
01853,NYC-C-21,NYC,NYC-C,
01854,NYC-C-21,NYC,NYC-C,
01930,NYC-C-43,NYC,NYC-C,
01931,NYC-C-43,NYC,NYC-C,
02368,NYC-C-79,NYC,NYC-C,
02184,NYC-C-48,NYC,NYC-C,
02190,NYC-C-48,NYC,NYC-C,
02169,NYC-C-38,NYC,NYC-C,
02269,NYC-C-38,NYC,NYC-C,
02171,NYC-C-87,NYC,NYC-C,
02124,NYC-C-30,NYC,NYC-C,
02122,NYC-C-77,NYC,NYC-C,
02125,NYC-C-77,NYC,NYC-C,
02118,NYC-C-04,NYC,NYC-C,
02119,NYC-C-04,NYC,NYC-C,
02120,NYC-C-04,NYC,NYC-C,
02130,NYC-C-80,NYC,NYC-C,
02131,NYC-C-61,NYC,NYC-C,
02492,NYC-C-85,NYC,NYC-C,
02494,NYC-C-85,NYC,NYC-C,
01701,NYC-C-26,NYC,NYC-C,
01702,NYC-C-26,NYC,NYC-C,
01703,NYC-C-26,NYC,NYC-C,
01704,NYC-C-26,NYC,NYC-C,
01705,NYC-C-26,NYC,NYC-C,
01760,NYC-C-26,NYC,NYC-C,
02136,NYC-C-39,NYC,NYC-C,
02137,NYC-C-39,NYC,NYC-C,
02126,NYC-C-68,NYC,NYC-C,
91706,LAX-Q-54,LAX,LAX-Q,
91722,LAX-Q-55,LAX,LAX-Q,
91723,LAX-Q-55,LAX,LAX-Q,
91724,LAX-Q-55,LAX,LAX-Q,
91790,LAX-Q-55,LAX,LAX-Q,
91791,LAX-Q-55,LAX,LAX-Q,
91792,LAX-Q-55,LAX,LAX-Q,
91793,LAX-Q-55,LAX,LAX-Q,
91766,LAX-Q-56,LAX,LAX-Q,
91767,LAX-Q-56,LAX,LAX-Q,
91768,LAX-Q-56,LAX,LAX-Q,
91769,LAX-Q-56,LAX,LAX-Q,
91711,LAX-Q-57,LAX,LAX-Q,
91750,LAX-Q-57,LAX,LAX-Q,
91773,LAX-Q-58,LAX,LAX-Q,
91740,LAX-Q-59,LAX,LAX-Q,
91741,LAX-Q-59,LAX,LAX-Q,
91702,LAX-Q-60,LAX,LAX-Q,
91008,LAX-Q-61,LAX,LAX-Q,
91009,LAX-Q-61,LAX,LAX-Q,
91010,LAX-Q-61,LAX,LAX-Q,
91016,LAX-Q-61,LAX,LAX-Q,
91017,LAX-Q-61,LAX,LAX-Q,
91006,LAX-Q-62,LAX,LAX-Q,
91007,LAX-Q-62,LAX,LAX-Q,
91024,LAX-Q-62,LAX,LAX-Q,
91025,LAX-Q-62,LAX,LAX-Q,
91066,LAX-Q-62,LAX,LAX-Q,
91731,LAX-W-01,LAX,LAX-W,
91732,LAX-W-01,LAX,LAX-W,
91733,LAX-W-01,LAX,LAX-W,
91734,LAX-W-01,LAX,LAX-W,
91770,LAX-W-02,LAX,LAX-W,
91771,LAX-W-02,LAX,LAX-W,
91772,LAX-W-02,LAX,LAX-W,
91780,LAX-W-03,LAX,LAX-W,
91775,LAX-W-04,LAX,LAX-W,
91776,LAX-W-04,LAX,LAX-W,
91778,LAX-W-04,LAX,LAX-W,
91108,LAX-W-05,LAX,LAX-W,
91118,LAX-W-05,LAX,LAX-W,
91030,LAX-W-06,LAX,LAX-W,
91031,LAX-W-06,LAX,LAX-W,
91801,LAX-W-07,LAX,LAX-W,
91802,LAX-W-07,LAX,LAX-W,
91803,LAX-W-07,LAX,LAX-W,
91804,LAX-W-07,LAX,LAX-W,
91896,LAX-W-07,LAX,LAX-W,
91899,LAX-W-07,LAX,LAX-W,
91754,LAX-W-08,LAX,LAX-W,
91755,LAX-W-08,LAX,LAX-W,
91756,LAX-W-08,LAX,LAX-W,
90280,LAX-W-09,LAX,LAX-W,
90262,LAX-W-10,LAX,LAX-W,
90660,LAX-K-60,LAX,LAX-K,
90661,LAX-K-60,LAX,LAX-K,
90662,LAX-K-60,LAX,LAX-K,
90640,LAX-K-61,LAX,LAX-K,
91708,LAX-K-62,LAX,LAX-K,
91710,LAX-K-62,LAX,LAX-K,
91763,LAX-Q-01,LAX,LAX-Q,
91784,LAX-Q-02,LAX,LAX-Q,
91785,LAX-Q-02,LAX,LAX-Q,
91786,LAX-Q-02,LAX,LAX-Q,
91701,LAX-Q-03,LAX,LAX-Q,
91729,LAX-Q-03,LAX,LAX-Q,
91730,LAX-Q-03,LAX,LAX-Q,
91737,LAX-Q-03,LAX,LAX-Q,
91739,LAX-Q-03,LAX,LAX-Q,
91758,LAX-Q-04,LAX,LAX-Q,
91761,LAX-Q-04,LAX,LAX-Q,
91762,LAX-Q-04,LAX,LAX-Q,
91764,LAX-Q-04,LAX,LAX-Q,
91752,LAX-Q-05,LAX,LAX-Q,
92860,LAX-Q-06,LAX,LAX-Q,
92877,LAX-Q-07,LAX,LAX-Q,
92879,LAX-Q-07,LAX,LAX-Q,
92881,LAX-Q-07,LAX,LAX-Q,
92883,LAX-Q-07,LAX,LAX-Q,
92878,LAX-Q-08,LAX,LAX-Q,
92880,LAX-Q-08,LAX,LAX-Q,
92882,LAX-Q-08,LAX,LAX-Q,
91709,LAX-Q-09,LAX,LAX-Q,
91765,LAX-Q-10,LAX,LAX-Q,
91748,LAX-Q-11,LAX,LAX-Q,
91788,LAX-Q-11,LAX,LAX-Q,
91789,LAX-Q-11,LAX,LAX-Q,
91744,LAX-Q-12,LAX,LAX-Q,
91745,LAX-Q-12,LAX,LAX-Q,
91746,LAX-Q-12,LAX,LAX-Q,
91747,LAX-Q-12,LAX,LAX-Q,
91749,LAX-Q-12,LAX,LAX-Q,
90723,LAX-K-01,LAX,LAX-K,
90620,LAX-K-02,LAX,LAX-K,
90621,LAX-K-02,LAX,LAX-K,
90622,LAX-K-02,LAX,LAX-K,
90623,LAX-K-02,LAX,LAX-K,
90624,LAX-K-02,LAX,LAX-K,
90680,LAX-K-03,LAX,LAX-K,
92804,LAX-K-04,LAX,LAX-K,
92814,LAX-K-04,LAX,LAX-K,
92802,LAX-K-05,LAX,LAX-K,
92812,LAX-K-05,LAX,LAX-K,
92603,LAX-K-06,LAX,LAX-K,
92612,LAX-K-06,LAX,LAX-K,
92617,LAX-K-06,LAX,LAX-K,
92618,LAX-K-06,LAX,LAX-K,
92619,LAX-K-06,LAX,LAX-K,
92650,LAX-K-06,LAX,LAX-K,
92697,LAX-K-06,LAX,LAX-K,
92637,LAX-K-07,LAX,LAX-K,
92653,LAX-K-07,LAX,LAX-K,
92654,LAX-K-07,LAX,LAX-K,
92656,LAX-K-07,LAX,LAX-K,
92698,LAX-K-07,LAX,LAX-K,
92609,LAX-K-08,LAX,LAX-K,
92630,LAX-K-08,LAX,LAX-K,
92675,LAX-K-09,LAX,LAX-K,
92690,LAX-K-09,LAX,LAX-K,
92691,LAX-K-09,LAX,LAX-K,
92692,LAX-K-09,LAX,LAX-K,
92693,LAX-K-09,LAX,LAX-K,
92694,LAX-K-09,LAX,LAX-K,
92607,LAX-K-10,LAX,LAX-K,
92651,LAX-K-10,LAX,LAX-K,
92652,LAX-K-10,LAX,LAX-K,
92677,LAX-K-10,LAX,LAX-K,
92624,LAX-K-11,LAX,LAX-K,
92629,LAX-K-11,LAX,LAX-K,
92672,LAX-K-12,LAX,LAX-K,
92674,LAX-K-12,LAX,LAX-K,
92673,LAX-K-13,LAX,LAX-K,
92610,LAX-K-14,LAX,LAX-K,
92679,LAX-K-14,LAX,LAX-K,
92688,LAX-K-14,LAX,LAX-K,
92602,LAX-K-15,LAX,LAX-K,
92620,LAX-K-15,LAX,LAX-K,
92780,LAX-K-16,LAX,LAX-K,
92781,LAX-K-16,LAX,LAX-K,
92782,LAX-K-16,LAX,LAX-K,
92701,LAX-K-17,LAX,LAX-K,
92702,LAX-K-17,LAX,LAX-K,
92705,LAX-K-17,LAX,LAX-K,
92706,LAX-K-17,LAX,LAX-K,
92711,LAX-K-17,LAX,LAX-K,
92799,LAX-K-17,LAX,LAX-K,
92840,LAX-K-18,LAX,LAX-K,
92841,LAX-K-18,LAX,LAX-K,
92842,LAX-K-18,LAX,LAX-K,
92843,LAX-K-18,LAX,LAX-K,
92844,LAX-K-18,LAX,LAX-K,
90716,LAX-W-11,LAX,LAX-W,
90720,LAX-W-11,LAX,LAX-W,
90721,LAX-W-11,LAX,LAX-W,
90630,LAX-W-12,LAX,LAX-W,
92845,LAX-W-13,LAX,LAX-W,
92846,LAX-W-13,LAX,LAX-W,
92655,LAX-W-14,LAX,LAX-W,
92683,LAX-W-14,LAX,LAX-W,
92684,LAX-W-14,LAX,LAX-W,
92685,LAX-W-14,LAX,LAX-W,
92605,LAX-W-15,LAX,LAX-W,
92647,LAX-W-15,LAX,LAX-W,
92648,LAX-W-15,LAX,LAX-W,
92649,LAX-W-15,LAX,LAX-W,
92708,LAX-W-16,LAX,LAX-W,
92728,LAX-W-16,LAX,LAX-W,
92704,LAX-W-17,LAX,LAX-W,
92703,LAX-W-18,LAX,LAX-W,
92707,LAX-W-18,LAX,LAX-W,
92604,LAX-W-19,LAX,LAX-W,
92606,LAX-W-19,LAX,LAX-W,
92614,LAX-W-19,LAX,LAX-W,
92623,LAX-W-19,LAX,LAX-W,
92627,LAX-W-20,LAX,LAX-W,
92625,LAX-W-22,LAX,LAX-W,
92657,LAX-W-22,LAX,LAX-W,
92658,LAX-W-22,LAX,LAX-W,
92660,LAX-W-22,LAX,LAX-W,
92661,LAX-W-22,LAX,LAX-W,
92662,LAX-W-22,LAX,LAX-W,
92663,LAX-W-22,LAX,LAX-W,
92615,LAX-W-23,LAX,LAX-W,
92646,LAX-W-23,LAX,LAX-W,
92626,LAX-W-24,LAX,LAX-W,
92628,LAX-W-24,LAX,LAX-W,
90740,LAX-W-25,LAX,LAX-W,
90701,LAX-W-26,LAX,LAX-W,
90702,LAX-W-26,LAX,LAX-W,
90703,LAX-W-26,LAX,LAX-W,
90706,LAX-W-27,LAX,LAX-W,
90707,LAX-W-27,LAX,LAX-W,
90220,LAX-W-28,LAX,LAX-W,
90221,LAX-W-28,LAX,LAX-W,
90222,LAX-W-28,LAX,LAX-W,
90223,LAX-W-28,LAX,LAX-W,
90224,LAX-W-28,LAX,LAX-W,
90230,LAX-K-20,LAX,LAX-K,
90231,LAX-K-20,LAX,LAX-K,
90232,LAX-K-20,LAX,LAX-K,
90064,LAX-K-21,LAX,LAX-K,
90025,LAX-K-22,LAX,LAX-K,
90073,LAX-K-22,LAX,LAX-K,
91401,LAX-K-23,LAX,LAX-K,
91404,LAX-K-23,LAX,LAX-K,
91405,LAX-K-23,LAX,LAX-K,
91406,LAX-K-23,LAX,LAX-K,
91407,LAX-K-23,LAX,LAX-K,
91408,LAX-K-23,LAX,LAX-K,
91409,LAX-K-23,LAX,LAX-K,
91410,LAX-K-23,LAX,LAX-K,
91411,LAX-K-23,LAX,LAX-K,
91426,LAX-K-23,LAX,LAX-K,
91470,LAX-K-23,LAX,LAX-K,
91482,LAX-K-23,LAX,LAX-K,
91495,LAX-K-23,LAX,LAX-K,
91496,LAX-K-23,LAX,LAX-K,
91499,LAX-K-23,LAX,LAX-K,
91350,LAX-K-24,LAX,LAX-K,
91351,LAX-K-24,LAX,LAX-K,
91354,LAX-K-24,LAX,LAX-K,
91355,LAX-K-24,LAX,LAX-K,
91380,LAX-K-24,LAX,LAX-K,
91382,LAX-K-24,LAX,LAX-K,
91386,LAX-K-24,LAX,LAX-K,
91310,LAX-K-25,LAX,LAX-K,
91321,LAX-K-26,LAX,LAX-K,
91381,LAX-K-26,LAX,LAX-K,
91387,LAX-K-26,LAX,LAX-K,
91340,LAX-K-27,LAX,LAX-K,
91341,LAX-K-27,LAX,LAX-K,
91342,LAX-K-27,LAX,LAX-K,
91392,LAX-K-27,LAX,LAX-K,
91331,LAX-K-28,LAX,LAX-K,
91333,LAX-K-28,LAX,LAX-K,
91334,LAX-K-28,LAX,LAX-K,
91343,LAX-K-29,LAX,LAX-K,
91344,LAX-K-29,LAX,LAX-K,
91345,LAX-K-29,LAX,LAX-K,
91346,LAX-K-29,LAX,LAX-K,
91395,LAX-K-29,LAX,LAX-K,
91324,LAX-K-30,LAX,LAX-K,
91325,LAX-K-30,LAX,LAX-K,
91326,LAX-K-30,LAX,LAX-K,
91327,LAX-K-30,LAX,LAX-K,
91328,LAX-K-30,LAX,LAX-K,
91329,LAX-K-30,LAX,LAX-K,
91330,LAX-K-30,LAX,LAX-K,
91311,LAX-K-31,LAX,LAX-K,
91313,LAX-K-31,LAX,LAX-K,
91307,LAX-K-32,LAX,LAX-K,
91308,LAX-K-32,LAX,LAX-K,
91303,LAX-K-33,LAX,LAX-K,
91304,LAX-K-33,LAX,LAX-K,
91309,LAX-K-33,LAX,LAX-K,
91396,LAX-K-33,LAX,LAX-K,
91306,LAX-K-34,LAX,LAX-K,
91335,LAX-K-35,LAX,LAX-K,
91337,LAX-K-35,LAX,LAX-K,
91316,LAX-K-36,LAX,LAX-K,
91416,LAX-K-36,LAX,LAX-K,
91436,LAX-K-36,LAX,LAX-K,
91356,LAX-K-37,LAX,LAX-K,
91357,LAX-K-37,LAX,LAX-K,
90024,LAX-K-38,LAX,LAX-K,
90049,LAX-K-38,LAX,LAX-K,
90077,LAX-K-38,LAX,LAX-K,
90095,LAX-K-38,LAX,LAX-K,
90670,LAX-W-29,LAX,LAX-W,
90671,LAX-W-29,LAX,LAX-W,
90601,LAX-W-30,LAX,LAX-W,
90602,LAX-W-30,LAX,LAX-W,
90603,LAX-W-30,LAX,LAX-W,
90604,LAX-W-30,LAX,LAX-W,
90605,LAX-W-30,LAX,LAX-W,
90606,LAX-W-30,LAX,LAX-W,
90607,LAX-W-30,LAX,LAX-W,
90608,LAX-W-30,LAX,LAX-W,
90631,LAX-W-31,LAX,LAX-W,
90632,LAX-W-31,LAX,LAX-W,
90637,LAX-W-32,LAX,LAX-W,
90638,LAX-W-32,LAX,LAX-W,
90639,LAX-W-32,LAX,LAX-W,
92833,LAX-W-33,LAX,LAX-W,
92836,LAX-W-33,LAX,LAX-W,
92837,LAX-W-33,LAX,LAX-W,
92831,LAX-W-34,LAX,LAX-W,
92832,LAX-W-34,LAX,LAX-W,
92834,LAX-W-34,LAX,LAX-W,
92835,LAX-W-35,LAX,LAX-W,
92838,LAX-W-35,LAX,LAX-W,
92821,LAX-W-36,LAX,LAX-W,
92822,LAX-W-36,LAX,LAX-W,
92823,LAX-W-36,LAX,LAX-W,
92870,LAX-W-37,LAX,LAX-W,
92871,LAX-W-37,LAX,LAX-W,
92885,LAX-W-38,LAX,LAX-W,
92886,LAX-W-38,LAX,LAX-W,
92887,LAX-W-38,LAX,LAX-W,
92806,LAX-W-39,LAX,LAX-W,
92807,LAX-W-39,LAX,LAX-W,
92808,LAX-W-39,LAX,LAX-W,
92809,LAX-W-39,LAX,LAX-W,
92816,LAX-W-39,LAX,LAX-W,
92817,LAX-W-39,LAX,LAX-W,
92861,LAX-W-40,LAX,LAX-W,
92862,LAX-W-40,LAX,LAX-W,
92863,LAX-W-40,LAX,LAX-W,
92864,LAX-W-40,LAX,LAX-W,
92865,LAX-W-40,LAX,LAX-W,
92866,LAX-W-40,LAX,LAX-W,
92867,LAX-W-40,LAX,LAX-W,
92868,LAX-W-40,LAX,LAX-W,
92869,LAX-W-40,LAX,LAX-W,
92801,LAX-W-41,LAX,LAX-W,
92803,LAX-W-41,LAX,LAX-W,
92805,LAX-W-41,LAX,LAX-W,
92815,LAX-W-41,LAX,LAX-W,
92825,LAX-W-41,LAX,LAX-W,
90650,LAX-W-43,LAX,LAX-W,
90651,LAX-W-43,LAX,LAX-W,
90652,LAX-W-43,LAX,LAX-W,
90201,LAX-W-44,LAX,LAX-W,
90202,LAX-W-44,LAX,LAX-W,
90270,LAX-W-44,LAX,LAX-W,
90239,LAX-W-45,LAX,LAX-W,
90240,LAX-W-45,LAX,LAX-W,
90241,LAX-W-45,LAX,LAX-W,
90242,LAX-W-46,LAX,LAX-W,
90017,LAX-K-40,LAX,LAX-K,
90057,LAX-K-40,LAX,LAX-K,
90071,LAX-K-40,LAX,LAX-K,
90081,LAX-K-40,LAX,LAX-K,
90005,LAX-K-41,LAX,LAX-K,
90010,LAX-K-41,LAX,LAX-K,
90015,LAX-K-41,LAX,LAX-K,
90070,LAX-K-41,LAX,LAX-K,
90075,LAX-K-41,LAX,LAX-K,
90076,LAX-K-41,LAX,LAX-K,
90079,LAX-K-41,LAX,LAX-K,
90004,LAX-K-42,LAX,LAX-K,
90020,LAX-K-42,LAX,LAX-K,
90036,LAX-K-43,LAX,LAX-K,
90048,LAX-K-43,LAX,LAX-K,
90069,LAX-K-43,LAX,LAX-K,
90209,LAX-K-44,LAX,LAX-K,
90210,LAX-K-44,LAX,LAX-K,
90211,LAX-K-44,LAX,LAX-K,
90212,LAX-K-44,LAX,LAX-K,
90213,LAX-K-44,LAX,LAX-K,
90046,LAX-K-45,LAX,LAX-K,
90093,LAX-K-45,LAX,LAX-K,
90028,LAX-K-46,LAX,LAX-K,
90038,LAX-K-46,LAX,LAX-K,
90068,LAX-K-46,LAX,LAX-K,
90078,LAX-K-46,LAX,LAX-K,
91604,LAX-K-47,LAX,LAX-K,
91614,LAX-K-47,LAX,LAX-K,
91403,LAX-K-48,LAX,LAX-K,
91413,LAX-K-48,LAX,LAX-K,
91423,LAX-K-48,LAX,LAX-K,
91402,LAX-K-49,LAX,LAX-K,
91412,LAX-K-49,LAX,LAX-K,
91605,LAX-K-50,LAX,LAX-K,
91606,LAX-K-50,LAX,LAX-K,
91607,LAX-K-50,LAX,LAX-K,
91608,LAX-K-50,LAX,LAX-K,
91609,LAX-K-50,LAX,LAX-K,
91611,LAX-K-50,LAX,LAX-K,
91612,LAX-K-50,LAX,LAX-K,
91615,LAX-K-50,LAX,LAX-K,
91616,LAX-K-50,LAX,LAX-K,
91617,LAX-K-50,LAX,LAX-K,
91618,LAX-K-50,LAX,LAX-K,
91352,LAX-K-51,LAX,LAX-K,
91353,LAX-K-51,LAX,LAX-K,
91501,LAX-K-51,LAX,LAX-K,
91502,LAX-K-51,LAX,LAX-K,
91503,LAX-K-51,LAX,LAX-K,
91504,LAX-K-51,LAX,LAX-K,
91505,LAX-K-51,LAX,LAX-K,
91506,LAX-K-51,LAX,LAX-K,
91507,LAX-K-51,LAX,LAX-K,
91508,LAX-K-51,LAX,LAX-K,
91510,LAX-K-51,LAX,LAX-K,
91521,LAX-K-51,LAX,LAX-K,
91522,LAX-K-51,LAX,LAX-K,
91523,LAX-K-51,LAX,LAX-K,
91201,LAX-K-52,LAX,LAX-K,
91202,LAX-K-52,LAX,LAX-K,
91222,LAX-K-52,LAX,LAX-K,
90027,LAX-K-53,LAX,LAX-K,
90029,LAX-K-53,LAX,LAX-K,
90072,LAX-K-53,LAX,LAX-K,
90039,LAX-K-54,LAX,LAX-K,
90023,LAX-K-55,LAX,LAX-K,
90255,LAX-K-56,LAX,LAX-K,
90058,LAX-K-57,LAX,LAX-K,
90011,LAX-K-58,LAX,LAX-K,
90055,LAX-K-58,LAX,LAX-K,
90001,LAX-K-59,LAX,LAX-K,
90003,LAX-K-59,LAX,LAX-K,
90030,LAX-K-59,LAX,LAX-K,
90051,LAX-K-59,LAX,LAX-K,
90054,LAX-K-59,LAX,LAX-K,
90060,LAX-K-59,LAX,LAX-K,
90074,LAX-K-59,LAX,LAX-K,
90084,LAX-K-59,LAX,LAX-K,
90087,LAX-K-59,LAX,LAX-K,
90088,LAX-K-59,LAX,LAX-K,
90089,LAX-K-59,LAX,LAX-K,
90096,LAX-K-59,LAX,LAX-K,
90099,LAX-K-59,LAX,LAX-K,
90134,LAX-K-59,LAX,LAX-K,
90189,LAX-K-59,LAX,LAX-K,
90044,LAX-W-47,LAX,LAX-W,
90047,LAX-W-48,LAX,LAX-W,
90043,LAX-W-49,LAX,LAX-W,
90062,LAX-W-49,LAX,LAX-W,
90008,LAX-W-50,LAX,LAX-W,
90056,LAX-W-50,LAX,LAX-W,
90019,LAX-W-51,LAX,LAX-W,
90016,LAX-W-52,LAX,LAX-W,
90035,LAX-W-53,LAX,LAX-W,
90067,LAX-W-53,LAX,LAX-W,
90034,LAX-W-54,LAX,LAX-W,
90066,LAX-W-55,LAX,LAX-W,
90291,LAX-W-56,LAX,LAX-W,
90292,LAX-W-56,LAX,LAX-W,
90293,LAX-W-56,LAX,LAX-W,
90294,LAX-W-56,LAX,LAX-W,
90295,LAX-W-56,LAX,LAX-W,
90296,LAX-W-56,LAX,LAX-W,
90401,LAX-W-57,LAX,LAX-W,
90403,LAX-W-57,LAX,LAX-W,
90404,LAX-W-57,LAX,LAX-W,
90405,LAX-W-57,LAX,LAX-W,
90406,LAX-W-57,LAX,LAX-W,
90407,LAX-W-57,LAX,LAX-W,
90408,LAX-W-57,LAX,LAX-W,
90409,LAX-W-57,LAX,LAX-W,
90410,LAX-W-57,LAX,LAX-W,
90411,LAX-W-57,LAX,LAX-W,
90402,LAX-W-58,LAX,LAX-W,
90045,LAX-W-59,LAX,LAX-W,
90083,LAX-W-59,LAX,LAX-W,
90009,LAX-W-60,LAX,LAX-W,
90080,LAX-W-60,LAX,LAX-W,
90094,LAX-W-60,LAX,LAX-W,
90245,LAX-W-61,LAX,LAX-W,
90266,LAX-W-61,LAX,LAX-W,
90267,LAX-W-61,LAX,LAX-W,
90059,LAX-W-62,LAX,LAX-W,
90061,LAX-W-62,LAX,LAX-W,
90250,LAX-W-62,LAX,LAX-W,
90251,LAX-W-62,LAX,LAX-W,
90301,LAX-W-63,LAX,LAX-W,
90302,LAX-W-63,LAX,LAX-W,
90303,LAX-W-63,LAX,LAX-W,
90304,LAX-W-63,LAX,LAX-W,
90305,LAX-W-63,LAX,LAX-W,
90306,LAX-W-63,LAX,LAX-W,
90307,LAX-W-63,LAX,LAX-W,
90308,LAX-W-63,LAX,LAX-W,
90309,LAX-W-63,LAX,LAX-W,
90310,LAX-W-63,LAX,LAX-W,
90312,LAX-W-63,LAX,LAX-W,
90247,LAX-Q-13,LAX,LAX-Q,
90248,LAX-Q-13,LAX,LAX-Q,
90249,LAX-Q-13,LAX,LAX-Q,
90260,LAX-Q-14,LAX,LAX-Q,
90254,LAX-Q-15,LAX,LAX-Q,
90277,LAX-Q-15,LAX,LAX-Q,
90278,LAX-Q-15,LAX,LAX-Q,
90504,LAX-Q-16,LAX,LAX-Q,
90501,LAX-Q-17,LAX,LAX-Q,
90502,LAX-Q-17,LAX,LAX-Q,
90503,LAX-Q-17,LAX,LAX-Q,
90505,LAX-Q-17,LAX,LAX-Q,
90506,LAX-Q-17,LAX,LAX-Q,
90509,LAX-Q-17,LAX,LAX-Q,
90510,LAX-Q-17,LAX,LAX-Q,
90274,LAX-Q-18,LAX,LAX-Q,
90275,LAX-Q-18,LAX,LAX-Q,
90717,LAX-Q-19,LAX,LAX-Q,
90710,LAX-Q-20,LAX,LAX-Q,
90731,LAX-Q-22,LAX,LAX-Q,
90732,LAX-Q-22,LAX,LAX-Q,
90733,LAX-Q-22,LAX,LAX-Q,
90734,LAX-Q-22,LAX,LAX-Q,
90744,LAX-Q-23,LAX,LAX-Q,
90748,LAX-Q-23,LAX,LAX-Q,
90806,LAX-Q-24,LAX,LAX-Q,
90801,LAX-Q-25,LAX,LAX-Q,
90802,LAX-Q-25,LAX,LAX-Q,
90810,LAX-Q-25,LAX,LAX-Q,
90813,LAX-Q-25,LAX,LAX-Q,
90822,LAX-Q-25,LAX,LAX-Q,
90831,LAX-Q-25,LAX,LAX-Q,
90842,LAX-Q-25,LAX,LAX-Q,
90844,LAX-Q-25,LAX,LAX-Q,
90846,LAX-Q-25,LAX,LAX-Q,
90847,LAX-Q-25,LAX,LAX-Q,
90848,LAX-Q-25,LAX,LAX-Q,
90895,LAX-Q-25,LAX,LAX-Q,
90803,LAX-Q-26,LAX,LAX-Q,
90853,LAX-Q-26,LAX,LAX-Q,
90804,LAX-Q-27,LAX,LAX-Q,
90814,LAX-Q-27,LAX,LAX-Q,
90755,LAX-Q-28,LAX,LAX-Q,
90808,LAX-Q-28,LAX,LAX-Q,
90809,LAX-Q-28,LAX,LAX-Q,
90815,LAX-Q-28,LAX,LAX-Q,
90711,LAX-Q-29,LAX,LAX-Q,
90712,LAX-Q-29,LAX,LAX-Q,
90713,LAX-Q-29,LAX,LAX-Q,
90714,LAX-Q-29,LAX,LAX-Q,
90715,LAX-Q-29,LAX,LAX-Q,
90805,LAX-Q-30,LAX,LAX-Q,
90807,LAX-Q-30,LAX,LAX-Q,
90745,LAX-Q-31,LAX,LAX-Q,
90746,LAX-Q-31,LAX,LAX-Q,
90747,LAX-Q-31,LAX,LAX-Q,
90749,LAX-Q-31,LAX,LAX-Q,
90040,LAX-Y-01,LAX,LAX-MIX,
90091,LAX-Y-01,LAX,LAX-MIX,
90022,LAX-Y-02,LAX,LAX-MIX,
90063,LAX-Y-03,LAX,LAX-MIX,
90033,LAX-Y-04,LAX,LAX-MIX,
90012,LAX-Y-05,LAX,LAX-MIX,
90013,LAX-Y-05,LAX,LAX-MIX,
90014,LAX-Y-05,LAX,LAX-MIX,
90021,LAX-Y-05,LAX,LAX-MIX,
90053,LAX-Y-05,LAX,LAX-MIX,
90086,LAX-Y-05,LAX,LAX-MIX,
90090,LAX-Y-05,LAX,LAX-MIX,
90031,LAX-Y-06,LAX,LAX-MIX,
90032,LAX-Y-06,LAX,LAX-MIX,
90065,LAX-Y-07,LAX,LAX-MIX,
91205,LAX-Y-08,LAX,LAX-MIX,
91206,LAX-Y-08,LAX,LAX-MIX,
91208,LAX-Y-08,LAX,LAX-MIX,
91226,LAX-Y-08,LAX,LAX-MIX,
91203,LAX-Y-09,LAX,LAX-MIX,
91204,LAX-Y-09,LAX,LAX-MIX,
91207,LAX-Y-09,LAX,LAX-MIX,
91209,LAX-Y-09,LAX,LAX-MIX,
91210,LAX-Y-09,LAX,LAX-MIX,
91221,LAX-Y-09,LAX,LAX-MIX,
91225,LAX-Y-09,LAX,LAX-MIX,
90041,LAX-Y-10,LAX,LAX-MIX,
90042,LAX-Y-10,LAX,LAX-MIX,
90050,LAX-Y-10,LAX,LAX-MIX,
91101,LAX-Y-11,LAX,LAX-MIX,
91103,LAX-Y-11,LAX,LAX-MIX,
91104,LAX-Y-11,LAX,LAX-MIX,
91105,LAX-Y-11,LAX,LAX-MIX,
91106,LAX-Y-11,LAX,LAX-MIX,
91107,LAX-Y-11,LAX,LAX-MIX,
91109,LAX-Y-11,LAX,LAX-MIX,
91110,LAX-Y-11,LAX,LAX-MIX,
91121,LAX-Y-11,LAX,LAX-MIX,
91123,LAX-Y-11,LAX,LAX-MIX,
91124,LAX-Y-11,LAX,LAX-MIX,
91125,LAX-Y-11,LAX,LAX-MIX,
91126,LAX-Y-11,LAX,LAX-MIX,
91129,LAX-Y-11,LAX,LAX-MIX,
91182,LAX-Y-11,LAX,LAX-MIX,
91184,LAX-Y-11,LAX,LAX-MIX,
91185,LAX-Y-11,LAX,LAX-MIX,
91188,LAX-Y-11,LAX,LAX-MIX,
91189,LAX-Y-11,LAX,LAX-MIX,
91199,LAX-Y-11,LAX,LAX-MIX,
91001,LAX-Y-12,LAX,LAX-MIX,
91003,LAX-Y-12,LAX,LAX-MIX,
91011,LAX-Y-13,LAX,LAX-MIX,
91012,LAX-Y-13,LAX,LAX-MIX,
91020,LAX-Y-13,LAX,LAX-MIX,
91023,LAX-Y-13,LAX,LAX-MIX,
91214,LAX-Y-14,LAX,LAX-MIX,
91224,LAX-Y-14,LAX,LAX-MIX,
91042,LAX-Y-15,LAX,LAX-MIX,
91043,LAX-Y-15,LAX,LAX-MIX,
91040,LAX-Y-16,LAX,LAX-MIX,
91041,LAX-Y-16,LAX,LAX-MIX,
91601,LAX-Y-17,LAX,LAX-MIX,
91602,LAX-Y-17,LAX,LAX-MIX,
91603,LAX-Y-17,LAX,LAX-MIX,
90026,LAX-Y-18,LAX,LAX-MIX,
90006,LAX-Y-19,LAX,LAX-MIX,
90007,LAX-Y-19,LAX,LAX-MIX,
90018,LAX-Y-19,LAX,LAX-MIX,
90037,LAX-Y-19,LAX,LAX-MIX,
92009,LAX-Q-32,LAX,LAX-Q,
92011,LAX-Q-32,LAX,LAX-Q,
92013,LAX-Q-32,LAX,LAX-Q,
92007,LAX-Q-33,LAX,LAX-Q,
92023,LAX-Q-33,LAX,LAX-Q,
92024,LAX-Q-33,LAX,LAX-Q,
92067,LAX-Q-34,LAX,LAX-Q,
92091,LAX-Q-34,LAX,LAX-Q,
92075,LAX-Q-35,LAX,LAX-Q,
92014,LAX-Q-36,LAX,LAX-Q,
92121,LAX-Q-37,LAX,LAX-Q,
92130,LAX-Q-37,LAX,LAX-Q,
92191,LAX-Q-37,LAX,LAX-Q,
92129,LAX-Q-38,LAX,LAX-Q,
92172,LAX-Q-38,LAX,LAX-Q,
92126,LAX-Q-39,LAX,LAX-Q,
92196,LAX-Q-39,LAX,LAX-Q,
92131,LAX-Q-40,LAX,LAX-Q,
92132,LAX-Q-41,LAX,LAX-Q,
92134,LAX-Q-41,LAX,LAX-Q,
92135,LAX-Q-41,LAX,LAX-Q,
92136,LAX-Q-41,LAX,LAX-Q,
92140,LAX-Q-41,LAX,LAX-Q,
92145,LAX-Q-41,LAX,LAX-Q,
92147,LAX-Q-41,LAX,LAX-Q,
92150,LAX-Q-41,LAX,LAX-Q,
92152,LAX-Q-41,LAX,LAX-Q,
92155,LAX-Q-41,LAX,LAX-Q,
92158,LAX-Q-41,LAX,LAX-Q,
92161,LAX-Q-41,LAX,LAX-Q,
92179,LAX-Q-41,LAX,LAX-Q,
92182,LAX-Q-41,LAX,LAX-Q,
92187,LAX-Q-41,LAX,LAX-Q,
92197,LAX-Q-41,LAX,LAX-Q,
92199,LAX-Q-41,LAX,LAX-Q,
92064,LAX-Q-43,LAX,LAX-Q,
92074,LAX-Q-43,LAX,LAX-Q,
92127,LAX-Q-44,LAX,LAX-Q,
92128,LAX-Q-44,LAX,LAX-Q,
92027,LAX-Q-45,LAX,LAX-Q,
92030,LAX-Q-45,LAX,LAX-Q,
92025,LAX-Q-47,LAX,LAX-Q,
92026,LAX-Q-47,LAX,LAX-Q,
92029,LAX-Q-47,LAX,LAX-Q,
92033,LAX-Q-47,LAX,LAX-Q,
92046,LAX-Q-47,LAX,LAX-Q,
92069,LAX-Q-48,LAX,LAX-Q,
92078,LAX-Q-48,LAX,LAX-Q,
92079,LAX-Q-48,LAX,LAX-Q,
92096,LAX-Q-48,LAX,LAX-Q,
92081,LAX-Q-49,LAX,LAX-Q,
92085,LAX-Q-49,LAX,LAX-Q,
92083,LAX-Q-50,LAX,LAX-Q,
92084,LAX-Q-50,LAX,LAX-Q,
92052,LAX-Q-51,LAX,LAX-Q,
92056,LAX-Q-51,LAX,LAX-Q,
92057,LAX-Q-51,LAX,LAX-Q,
92068,LAX-Q-51,LAX,LAX-Q,
92008,LAX-Q-52,LAX,LAX-Q,
92010,LAX-Q-52,LAX,LAX-Q,
92018,LAX-Q-52,LAX,LAX-Q,
92051,LAX-Q-53,LAX,LAX-Q,
92054,LAX-Q-53,LAX,LAX-Q,
92058,LAX-Q-53,LAX,LAX-Q,
11001,NYC-L-01,NYC,NYC-L,
11002,NYC-L-01,NYC,NYC-L,
11004,NYC-L-01,NYC,NYC-L,
11005,NYC-L-01,NYC,NYC-L,
11010,NYC-L-03,NYC,NYC-L,
11510,NYC-L-09,NYC,NYC-L,
11518,NYC-L-10,NYC,NYC-L,
11520,NYC-L-11,NYC,NYC-L,
11530,NYC-L-12,NYC,NYC-L,
11531,NYC-L-12,NYC,NYC-L,
11549,NYC-L-15,NYC,NYC-L,
11550,NYC-L-15,NYC,NYC-L,
11551,NYC-L-15,NYC,NYC-L,
11552,NYC-L-16,NYC,NYC-L,
11553,NYC-L-17,NYC,NYC-L,
11554,NYC-L-18,NYC,NYC-L,
11555,NYC-L-17,NYC,NYC-L,
11556,NYC-L-17,NYC,NYC-L,
11559,NYC-L-19,NYC,NYC-L,
11561,NYC-L-20,NYC,NYC-L,
11563,NYC-L-21,NYC,NYC-L,
11566,NYC-L-22,NYC,NYC-L,
11570,NYC-L-23,NYC,NYC-L,
11571,NYC-L-23,NYC,NYC-L,
11572,NYC-L-24,NYC,NYC-L,
11575,NYC-L-25,NYC,NYC-L,
11580,NYC-L-27,NYC,NYC-L,
11581,NYC-L-27,NYC,NYC-L,
11582,NYC-L-27,NYC,NYC-L,
11598,NYC-L-30,NYC,NYC-L,
11710,NYC-L-38,NYC,NYC-L,
11793,NYC-L-77,NYC,NYC-L,
11003,NYC-L-02,NYC,NYC-L,
11020,NYC-L-04,NYC,NYC-L,
11021,NYC-L-04,NYC,NYC-L,
11022,NYC-L-04,NYC,NYC-L,
11023,NYC-L-04,NYC,NYC-L,
11024,NYC-L-04,NYC,NYC-L,
11030,NYC-L-05,NYC,NYC-L,
11040,NYC-L-06,NYC,NYC-L,
11042,NYC-L-06,NYC,NYC-L,
11050,NYC-L-07,NYC,NYC-L,
11501,NYC-L-08,NYC,NYC-L,
11514,NYC-L-28,NYC,NYC-L,
11542,NYC-L-13,NYC,NYC-L,
11545,NYC-L-14,NYC,NYC-L,
11568,NYC-L-28,NYC,NYC-L,
11577,NYC-L-26,NYC,NYC-L,
11590,NYC-L-28,NYC,NYC-L,
11596,NYC-L-29,NYC,NYC-L,
11735,NYC-L-49,NYC,NYC-L,
11753,NYC-L-80,NYC,NYC-L,
11762,NYC-L-62,NYC,NYC-L,
11783,NYC-L-73,NYC,NYC-L,
11791,NYC-L-76,NYC,NYC-L,
11797,NYC-L-76,NYC,NYC-L,
11801,NYC-L-80,NYC,NYC-L,
11802,NYC-L-80,NYC,NYC-L,
11803,NYC-L-81,NYC,NYC-L,
11815,NYC-L-80,NYC,NYC-L,
11702,NYC-L-36,NYC,NYC-L,
11703,NYC-L-35,NYC,NYC-L,
11704,NYC-L-36,NYC,NYC-L,
11706,NYC-L-37,NYC,NYC-L,
11707,NYC-L-36,NYC,NYC-L,
11714,NYC-L-39,NYC,NYC-L,
11716,NYC-L-40,NYC,NYC-L,
11717,NYC-L-41,NYC,NYC-L,
11722,NYC-L-42,NYC,NYC-L,
11726,NYC-L-44,NYC,NYC-L,
11729,NYC-L-46,NYC,NYC-L,
11730,NYC-L-47,NYC,NYC-L,
11741,NYC-L-52,NYC,NYC-L,
11742,NYC-L-52,NYC,NYC-L,
11749,NYC-L-42,NYC,NYC-L,
11751,NYC-L-55,NYC,NYC-L,
11752,NYC-L-56,NYC,NYC-L,
11756,NYC-L-59,NYC,NYC-L,
11757,NYC-L-60,NYC,NYC-L,
11758,NYC-L-61,NYC,NYC-L,
11766,NYC-L-65,NYC,NYC-L,
11769,NYC-L-68,NYC,NYC-L,
11770,NYC-L-37,NYC,NYC-L,
11772,NYC-L-69,NYC,NYC-L,
11782,NYC-L-72,NYC,NYC-L,
11795,NYC-L-78,NYC,NYC-L,
11798,NYC-L-79,NYC,NYC-L,
11701,NYC-L-34,NYC,NYC-L,
11724,NYC-L-53,NYC,NYC-L,
11725,NYC-L-43,NYC,NYC-L,
11727,NYC-L-45,NYC,NYC-L,
11731,NYC-L-48,NYC,NYC-L,
11738,NYC-L-50,NYC,NYC-L,
11740,NYC-L-51,NYC,NYC-L,
11743,NYC-L-53,NYC,NYC-L,
11746,NYC-L-54,NYC,NYC-L,
11747,NYC-L-54,NYC,NYC-L,
11754,NYC-L-57,NYC,NYC-L,
11755,NYC-L-58,NYC,NYC-L,
11760,NYC-L-54,NYC,NYC-L,
11763,NYC-L-63,NYC,NYC-L,
11764,NYC-L-64,NYC,NYC-L,
11767,NYC-L-66,NYC,NYC-L,
11768,NYC-L-67,NYC,NYC-L,
11773,NYC-L-54,NYC,NYC-L,
11775,NYC-L-54,NYC,NYC-L,
11779,NYC-L-70,NYC,NYC-L,
11780,NYC-L-71,NYC,NYC-L,
11787,NYC-L-74,NYC,NYC-L,
11788,NYC-L-74,NYC,NYC-L,
11790,NYC-L-75,NYC,NYC-L,
11794,NYC-L-75,NYC,NYC-L,
10002,NYC-M-02,NYC,NYC-M,
10004,NYC-M-18,NYC,NYC-M,
10005,NYC-M-19,NYC,NYC-M,
10006,NYC-M-20,NYC,NYC-M,
10007,NYC-M-21,NYC,NYC-M,
10008,NYC-M-21,NYC,NYC-M,
10012,NYC-M-03,NYC,NYC-M,
10013,NYC-M-03,NYC,NYC-M,
10014,NYC-M-04,NYC,NYC-M,
10038,NYC-M-22,NYC,NYC-M,
10041,NYC-M-18,NYC,NYC-M,
10043,NYC-M-19,NYC,NYC-M,
10045,NYC-M-19,NYC,NYC-M,
10080,NYC-M-21,NYC,NYC-M,
10081,NYC-M-23,NYC,NYC-M,
10203,NYC-M-21,NYC,NYC-M,
10212,NYC-M-24,NYC,NYC-M,
10213,NYC-M-03,NYC,NYC-M,
10249,NYC-M-21,NYC,NYC-M,
10256,NYC-M-25,NYC,NYC-M,
10258,NYC-M-21,NYC,NYC-M,
10259,NYC-M-26,NYC,NYC-M,
10261,NYC-M-21,NYC,NYC-M,
10268,NYC-M-27,NYC,NYC-M,
10269,NYC-M-28,NYC,NYC-M,
10271,NYC-M-19,NYC,NYC-M,
10272,NYC-M-22,NYC,NYC-M,
10273,NYC-M-29,NYC,NYC-M,
10274,NYC-M-18,NYC,NYC-M,
10275,NYC-M-30,NYC,NYC-M,
10277,NYC-M-31,NYC,NYC-M,
10278,NYC-M-21,NYC,NYC-M,
10279,NYC-M-21,NYC,NYC-M,
10280,NYC-M-20,NYC,NYC-M,
10281,NYC-M-21,NYC,NYC-M,
10282,NYC-M-21,NYC,NYC-M,
10285,NYC-M-32,NYC,NYC-M,
10286,NYC-M-33,NYC,NYC-M,
10026,NYC-M-10,NYC,NYC-M,
10027,NYC-M-10,NYC,NYC-M,
10030,NYC-M-11,NYC,NYC-M,
10031,NYC-M-13,NYC,NYC-M,
10032,NYC-M-13,NYC,NYC-M,
10039,NYC-M-13,NYC,NYC-M,
10115,NYC-M-10,NYC,NYC-M,
10125,NYC-M-09,NYC,NYC-M,
10035,NYC-M-12,NYC,NYC-M,
10037,NYC-M-12,NYC,NYC-M,
10020,NYC-M-17,NYC,NYC-M,
10108,NYC-M-17,NYC,NYC-M,
10109,NYC-M-17,NYC,NYC-M,
10110,NYC-M-17,NYC,NYC-M,
10111,NYC-M-17,NYC,NYC-M,
10112,NYC-M-17,NYC,NYC-M,
10129,NYC-M-17,NYC,NYC-M,
10001,NYC-M-01,NYC,NYC-M,
10009,NYC-M-15,NYC,NYC-M,
10010,NYC-M-15,NYC,NYC-M,
10011,NYC-M-15,NYC,NYC-M,
10018,NYC-M-07,NYC,NYC-M,
10019,NYC-M-15,NYC,NYC-M,
10023,NYC-M-15,NYC,NYC-M,
10024,NYC-M-15,NYC,NYC-M,
10025,NYC-M-15,NYC,NYC-M,
10036,NYC-M-15,NYC,NYC-M,
10069,NYC-M-15,NYC,NYC-M,
10087,NYC-M-01,NYC,NYC-M,
10101,NYC-M-15,NYC,NYC-M,
10102,NYC-M-15,NYC,NYC-M,
10103,NYC-M-15,NYC,NYC-M,
10104,NYC-M-15,NYC,NYC-M,
10105,NYC-M-15,NYC,NYC-M,
10106,NYC-M-15,NYC,NYC-M,
10107,NYC-M-15,NYC,NYC-M,
10113,NYC-M-15,NYC,NYC-M,
10114,NYC-M-15,NYC,NYC-M,
10116,NYC-M-01,NYC,NYC-M,
10117,NYC-M-01,NYC,NYC-M,
10118,NYC-M-01,NYC,NYC-M,
10119,NYC-M-01,NYC,NYC-M,
10120,NYC-M-01,NYC,NYC-M,
10121,NYC-M-01,NYC,NYC-M,
10122,NYC-M-01,NYC,NYC-M,
10123,NYC-M-01,NYC,NYC-M,
10132,NYC-M-15,NYC,NYC-M,
10133,NYC-M-15,NYC,NYC-M,
10138,NYC-M-07,NYC,NYC-M,
10159,NYC-M-15,NYC,NYC-M,
10160,NYC-M-15,NYC,NYC-M,
10199,NYC-M-01,NYC,NYC-M,
10003,NYC-M-08,NYC,NYC-M,
10016,NYC-M-05,NYC,NYC-M,
10017,NYC-M-06,NYC,NYC-M,
10021,NYC-M-08,NYC,NYC-M,
10022,NYC-M-08,NYC,NYC-M,
10028,NYC-M-08,NYC,NYC-M,
10029,NYC-M-08,NYC,NYC-M,
10044,NYC-M-06,NYC,NYC-M,
10055,NYC-M-08,NYC,NYC-M,
10065,NYC-M-08,NYC,NYC-M,
10075,NYC-M-08,NYC,NYC-M,
10126,NYC-M-08,NYC,NYC-M,
10128,NYC-M-08,NYC,NYC-M,
10131,NYC-M-08,NYC,NYC-M,
10150,NYC-M-08,NYC,NYC-M,
10151,NYC-M-08,NYC,NYC-M,
10152,NYC-M-08,NYC,NYC-M,
10153,NYC-M-08,NYC,NYC-M,
10154,NYC-M-08,NYC,NYC-M,
10155,NYC-M-08,NYC,NYC-M,
10156,NYC-M-05,NYC,NYC-M,
10157,NYC-M-05,NYC,NYC-M,
10158,NYC-M-05,NYC,NYC-M,
10162,NYC-M-08,NYC,NYC-M,
10163,NYC-M-06,NYC,NYC-M,
10164,NYC-M-06,NYC,NYC-M,
10165,NYC-M-06,NYC,NYC-M,
10166,NYC-M-06,NYC,NYC-M,
10167,NYC-M-06,NYC,NYC-M,
10168,NYC-M-06,NYC,NYC-M,
10169,NYC-M-06,NYC,NYC-M,
10170,NYC-M-06,NYC,NYC-M,
10171,NYC-M-06,NYC,NYC-M,
10172,NYC-M-06,NYC,NYC-M,
10173,NYC-M-06,NYC,NYC-M,
10174,NYC-M-06,NYC,NYC-M,
10175,NYC-M-06,NYC,NYC-M,
10176,NYC-M-06,NYC,NYC-M,
10177,NYC-M-06,NYC,NYC-M,
10178,NYC-M-06,NYC,NYC-M,
10179,NYC-M-06,NYC,NYC-M,
10211,NYC-M-08,NYC,NYC-M,
10276,NYC-M-08,NYC,NYC-M,
97501,LAX-P-31,LAX,LAX-P,
97504,LAX-P-31,LAX,LAX-P,
97526,LAX-P-29,LAX,LAX-P,
97527,LAX-P-29,LAX,LAX-P,
93901,LAX-M-53,LAX,LAX-M,
93902,LAX-M-53,LAX,LAX-M,
93905,LAX-M-51,LAX,LAX-M,
93906,LAX-M-24,LAX,LAX-M,
93907,LAX-M-24,LAX,LAX-M,
93908,LAX-M-53,LAX,LAX-M,
93912,LAX-M-24,LAX,LAX-M,
93915,LAX-M-51,LAX,LAX-M,
93940,LAX-M-60,LAX,LAX-M,
93942,LAX-M-60,LAX,LAX-M,
93943,LAX-M-60,LAX,LAX-M,
93944,LAX-M-60,LAX,LAX-M,
93955,LAX-M-57,LAX,LAX-M,
95019,LAX-M-23,LAX,LAX-M,
95020,LAX-M-39,LAX,LAX-M,
95021,LAX-M-39,LAX,LAX-M,
95023,LAX-M-46,LAX,LAX-M,
95024,LAX-M-46,LAX,LAX-M,
95076,LAX-M-23,LAX,LAX-M,
95077,LAX-M-23,LAX,LAX-M,
07029,NYC-J-01,NYC,NYC-J,
07030,NYC-J-02,NYC,NYC-J,
07031,NYC-J-03,NYC,NYC-J,
07032,NYC-J-03,NYC,NYC-J,
07070,NYC-J-04,NYC,NYC-J,
07071,NYC-J-04,NYC,NYC-J,
07072,NYC-J-04,NYC,NYC-J,
07073,NYC-J-04,NYC,NYC-J,
07074,NYC-J-04,NYC,NYC-J,
07075,NYC-J-04,NYC,NYC-J,
07093,NYC-J-05,NYC,NYC-J,
07094,NYC-J-06,NYC,NYC-J,
07096,NYC-J-06,NYC,NYC-J,
07097,NYC-J-07,NYC,NYC-J,
07099,NYC-J-03,NYC,NYC-J,
07302,NYC-J-07,NYC,NYC-J,
07303,NYC-J-07,NYC,NYC-J,
07304,NYC-J-08,NYC,NYC-J,
07305,NYC-J-09,NYC,NYC-J,
07306,NYC-J-10,NYC,NYC-J,
07307,NYC-J-12,NYC,NYC-J,
07308,NYC-J-11,NYC,NYC-J,
07310,NYC-J-07,NYC,NYC-J,
07311,NYC-J-07,NYC,NYC-J,
07399,NYC-J-07,NYC,NYC-J,
07601,NYC-J-17,NYC,NYC-J,
07602,NYC-J-17,NYC,NYC-J,
07603,NYC-J-17,NYC,NYC-J,
07604,NYC-J-17,NYC,NYC-J,
07605,NYC-J-17,NYC,NYC-J,
07606,NYC-J-17,NYC,NYC-J,
07607,NYC-J-17,NYC,NYC-J,
07608,NYC-J-17,NYC,NYC-J,
07643,NYC-J-17,NYC,NYC-J,
07024,NYC-J-20,NYC,NYC-J,
07407,NYC-J-13,NYC,NYC-J,
07410,NYC-J-14,NYC,NYC-J,
07419,NYC-J-15,NYC,NYC-J,
07424,NYC-J-16,NYC,NYC-J,
07621,NYC-J-18,NYC,NYC-J,
07630,NYC-J-29,NYC,NYC-J,
07631,NYC-J-19,NYC,NYC-J,
07632,NYC-J-19,NYC,NYC-J,
07642,NYC-J-29,NYC,NYC-J,
07644,NYC-J-25,NYC,NYC-J,
07646,NYC-J-18,NYC,NYC-J,
07649,NYC-J-21,NYC,NYC-J,
07650,NYC-J-23,NYC,NYC-J,
07652,NYC-J-21,NYC,NYC-J,
07653,NYC-J-21,NYC,NYC-J,
07656,NYC-J-22,NYC,NYC-J,
07657,NYC-J-23,NYC,NYC-J,
07660,NYC-J-24,NYC,NYC-J,
07661,NYC-J-21,NYC,NYC-J,
07662,NYC-J-25,NYC,NYC-J,
07663,NYC-J-25,NYC,NYC-J,
07666,NYC-J-26,NYC,NYC-J,
07675,NYC-J-27,NYC,NYC-J,
07676,NYC-J-29,NYC,NYC-J,
07677,NYC-J-28,NYC,NYC-J,
07002,NYC-J-34,NYC,NYC-J,
07003,NYC-J-44,NYC,NYC-J,
07010,NYC-J-43,NYC,NYC-J,
07017,NYC-J-33,NYC,NYC-J,
07018,NYC-J-33,NYC,NYC-J,
07019,NYC-J-33,NYC,NYC-J,
07022,NYC-J-43,NYC,NYC-J,
07026,NYC-J-45,NYC,NYC-J,
07042,NYC-J-46,NYC,NYC-J,
07043,NYC-J-46,NYC,NYC-J,
07044,NYC-J-46,NYC,NYC-J,
07047,NYC-J-39,NYC,NYC-J,
07050,NYC-J-35,NYC,NYC-J,
07051,NYC-J-35,NYC,NYC-J,
07052,NYC-J-35,NYC,NYC-J,
07055,NYC-J-37,NYC,NYC-J,
07057,NYC-J-37,NYC,NYC-J,
07101,NYC-J-36,NYC,NYC-J,
07102,NYC-J-36,NYC,NYC-J,
07103,NYC-J-38,NYC,NYC-J,
07104,NYC-J-31,NYC,NYC-J,
07105,NYC-J-36,NYC,NYC-J,
07107,NYC-J-48,NYC,NYC-J,
07108,NYC-J-38,NYC,NYC-J,
07109,NYC-J-31,NYC,NYC-J,
07110,NYC-J-31,NYC,NYC-J,
07111,NYC-J-40,NYC,NYC-J,
07112,NYC-J-42,NYC,NYC-J,
07114,NYC-J-42,NYC,NYC-J,
07175,NYC-J-36,NYC,NYC-J,
07184,NYC-J-36,NYC,NYC-J,
07188,NYC-J-36,NYC,NYC-J,
07189,NYC-J-36,NYC,NYC-J,
07191,NYC-J-36,NYC,NYC-J,
07192,NYC-J-36,NYC,NYC-J,
07193,NYC-J-36,NYC,NYC-J,
07199,NYC-J-36,NYC,NYC-J,
07201,NYC-J-30,NYC,NYC-J,
07202,NYC-J-30,NYC,NYC-J,
07204,NYC-J-30,NYC,NYC-J,
07205,NYC-J-30,NYC,NYC-J,
07206,NYC-J-30,NYC,NYC-J,
07207,NYC-J-30,NYC,NYC-J,
07208,NYC-J-30,NYC,NYC-J,
07401,NYC-J-47,NYC,NYC-J,
07405,NYC-J-41,NYC,NYC-J,
07430,NYC-J-47,NYC,NYC-J,
07446,NYC-J-47,NYC,NYC-J,
07458,NYC-J-47,NYC,NYC-J,
07470,NYC-J-41,NYC,NYC-J,
07474,NYC-J-41,NYC,NYC-J,
07495,NYC-J-47,NYC,NYC-J,
07501,NYC-J-32,NYC,NYC-J,
07503,NYC-J-32,NYC,NYC-J,
07504,NYC-J-32,NYC,NYC-J,
07505,NYC-J-32,NYC,NYC-J,
07509,NYC-J-32,NYC,NYC-J,
07510,NYC-J-32,NYC,NYC-J,
07513,NYC-J-32,NYC,NYC-J,
07514,NYC-J-32,NYC,NYC-J,
07522,NYC-J-32,NYC,NYC-J,
07524,NYC-J-32,NYC,NYC-J,
07533,NYC-J-32,NYC,NYC-J,
07543,NYC-J-32,NYC,NYC-J,
07544,NYC-J-32,NYC,NYC-J,
91301,LAX-Y-56,LAX,LAX-MIX,
91376,LAX-Y-56,LAX,LAX-MIX,
91377,LAX-Y-56,LAX,LAX-MIX,
93020,LAX-Y-59,LAX,LAX-MIX,
93021,LAX-Y-59,LAX,LAX-MIX,
91319,LAX-Y-55,LAX,LAX-MIX,
91320,LAX-Y-55,LAX,LAX-MIX,
93062,LAX-Z-02,LAX,LAX-MIX,
93063,LAX-Z-02,LAX,LAX-MIX,
93064,LAX-Z-02,LAX,LAX-MIX,
93065,LAX-Z-06,LAX,LAX-MIX,
93094,LAX-Z-06,LAX,LAX-MIX,
93099,LAX-Z-02,LAX,LAX-MIX,
91358,LAX-Z-03,LAX,LAX-MIX,
91359,LAX-Z-03,LAX,LAX-MIX,
91360,LAX-Z-03,LAX,LAX-MIX,
91361,LAX-Z-03,LAX,LAX-MIX,
91362,LAX-Z-03,LAX,LAX-MIX,
92307,LAX-M-20,LAX,LAX-M,
92308,LAX-M-20,LAX,LAX-M,
92312,LAX-M-56,LAX,LAX-M,
92340,LAX-M-10,LAX,LAX-M,
92344,LAX-M-10,LAX,LAX-M,
92345,LAX-M-10,LAX,LAX-M,
92392,LAX-M-21,LAX,LAX-M,
92393,LAX-M-21,LAX,LAX-M,
92394,LAX-M-21,LAX,LAX-M,
92395,LAX-M-21,LAX,LAX-M,
94901,LAX-S-32,LAX,LAX-S,
94903,LAX-S-32,LAX,LAX-S,
94904,LAX-S-32,LAX,LAX-S,
94912,LAX-S-32,LAX,LAX-S,
94913,LAX-S-32,LAX,LAX-S,
94914,LAX-S-32,LAX,LAX-S,
94915,LAX-S-32,LAX,LAX-S,
94927,LAX-S-48,LAX,LAX-S,
94928,LAX-S-48,LAX,LAX-S,
94931,LAX-S-48,LAX,LAX-S,
94945,LAX-S-38,LAX,LAX-S,
94947,LAX-S-38,LAX,LAX-S,
94948,LAX-S-38,LAX,LAX-S,
94949,LAX-S-38,LAX,LAX-S,
94952,LAX-S-34,LAX,LAX-S,
94954,LAX-S-34,LAX,LAX-S,
94955,LAX-S-34,LAX,LAX-S,
95401,LAX-S-05,LAX,LAX-S,
95402,LAX-S-26,LAX,LAX-S,
95403,LAX-S-05,LAX,LAX-S,
95404,LAX-S-26,LAX,LAX-S,
95405,LAX-S-26,LAX,LAX-S,
95406,LAX-S-26,LAX,LAX-S,
95407,LAX-S-05,LAX,LAX-S,
95409,LAX-S-26,LAX,LAX-S,
08030,NYC-A-03,NYC,NYC-A,
08031,NYC-A-03,NYC,NYC-A,
08035,NYC-A-03,NYC,NYC-A,
08059,NYC-A-03,NYC,NYC-A,
08093,NYC-A-03,NYC,NYC-A,
08101,NYC-A-03,NYC,NYC-A,
08102,NYC-A-03,NYC,NYC-A,
08103,NYC-A-03,NYC,NYC-A,
08104,NYC-A-03,NYC,NYC-A,
08105,NYC-A-03,NYC,NYC-A,
08106,NYC-A-03,NYC,NYC-A,
08107,NYC-A-03,NYC,NYC-A,
08108,NYC-A-03,NYC,NYC-A,
08109,NYC-A-03,NYC,NYC-A,
08110,NYC-A-03,NYC,NYC-A,
08201,NYC-A-12,NYC,NYC-A,
08205,NYC-A-12,NYC,NYC-A,
08225,NYC-A-12,NYC,NYC-A,
08232,NYC-A-12,NYC,NYC-A,
08234,NYC-A-12,NYC,NYC-A,
08515,NYC-A-08,NYC,NYC-A,
08610,NYC-A-08,NYC,NYC-A,
08611,NYC-A-08,NYC,NYC-A,
08619,NYC-A-08,NYC,NYC-A,
08620,NYC-A-08,NYC,NYC-A,
08629,NYC-A-08,NYC,NYC-A,
08690,NYC-A-08,NYC,NYC-A,
08691,NYC-A-08,NYC,NYC-A,
08701,NYC-A-07,NYC,NYC-A,
08753,NYC-A-04,NYC,NYC-A,
08754,NYC-A-04,NYC,NYC-A,
08755,NYC-A-04,NYC,NYC-A,
08756,NYC-A-04,NYC,NYC-A,
08757,NYC-A-04,NYC,NYC-A,
17315,NYC-A-10,NYC,NYC-A,
17401,NYC-A-10,NYC,NYC-A,
17403,NYC-A-10,NYC,NYC-A,
17404,NYC-A-10,NYC,NYC-A,
17408,NYC-A-10,NYC,NYC-A,
17601,NYC-A-09,NYC,NYC-A,
17602,NYC-A-09,NYC,NYC-A,
17603,NYC-A-09,NYC,NYC-A,
17605,NYC-A-09,NYC,NYC-A,
17606,NYC-A-09,NYC,NYC-A,
17607,NYC-A-09,NYC,NYC-A,
17608,NYC-A-09,NYC,NYC-A,
18101,NYC-A-05,NYC,NYC-A,
18102,NYC-A-05,NYC,NYC-A,
18103,NYC-A-05,NYC,NYC-A,
18104,NYC-A-05,NYC,NYC-A,
18106,NYC-A-05,NYC,NYC-A,
18109,NYC-A-05,NYC,NYC-A,
18195,NYC-A-05,NYC,NYC-A,
19019,NYC-A-06,NYC,NYC-A,
19030,NYC-A-17,NYC,NYC-A,
19054,NYC-A-17,NYC,NYC-A,
19055,NYC-A-17,NYC,NYC-A,
19056,NYC-A-17,NYC,NYC-A,
19057,NYC-A-17,NYC,NYC-A,
19058,NYC-A-17,NYC,NYC-A,
19092,NYC-A-06,NYC,NYC-A,
19093,NYC-A-06,NYC,NYC-A,
19102,NYC-A-06,NYC,NYC-A,
19103,NYC-A-06,NYC,NYC-A,
19104,NYC-A-06,NYC,NYC-A,
19106,NYC-A-06,NYC,NYC-A,
19107,NYC-A-06,NYC,NYC-A,
19109,NYC-A-06,NYC,NYC-A,
19110,NYC-A-06,NYC,NYC-A,
19114,NYC-A-11,NYC,NYC-A,
19115,NYC-A-13,NYC,NYC-A,
19116,NYC-A-13,NYC,NYC-A,
19120,NYC-A-14,NYC,NYC-A,
19124,NYC-A-19,NYC,NYC-A,
19136,NYC-A-11,NYC,NYC-A,
19137,NYC-A-19,NYC,NYC-A,
19140,NYC-A-14,NYC,NYC-A,
19142,NYC-A-06,NYC,NYC-A,
19146,NYC-A-06,NYC,NYC-A,
19152,NYC-A-13,NYC,NYC-A,
19153,NYC-A-06,NYC,NYC-A,
19154,NYC-A-11,NYC,NYC-A,
19155,NYC-A-11,NYC,NYC-A,
19160,NYC-A-14,NYC,NYC-A,
19161,NYC-A-06,NYC,NYC-A,
19170,NYC-A-06,NYC,NYC-A,
19171,NYC-A-06,NYC,NYC-A,
19172,NYC-A-06,NYC,NYC-A,
19175,NYC-A-06,NYC,NYC-A,
19178,NYC-A-06,NYC,NYC-A,
19181,NYC-A-06,NYC,NYC-A,
19183,NYC-A-06,NYC,NYC-A,
19188,NYC-A-06,NYC,NYC-A,
19191,NYC-A-06,NYC,NYC-A,
19192,NYC-A-06,NYC,NYC-A,
19195,NYC-A-06,NYC,NYC-A,
19196,NYC-A-06,NYC,NYC-A,
19197,NYC-A-06,NYC,NYC-A,
19601,NYC-A-16,NYC,NYC-A,
19604,NYC-A-16,NYC,NYC-A,
19605,NYC-A-16,NYC,NYC-A,
19610,NYC-A-16,NYC,NYC-A,
19611,NYC-A-16,NYC,NYC-A,
19612,NYC-A-16,NYC,NYC-A,
19703,NYC-A-02,NYC,NYC-A,
19711,NYC-A-15,NYC,NYC-A,
19712,NYC-A-01,NYC,NYC-A,
19713,NYC-A-15,NYC,NYC-A,
19714,NYC-A-15,NYC,NYC-A,
19715,NYC-A-15,NYC,NYC-A,
19716,NYC-A-15,NYC,NYC-A,
19717,NYC-A-15,NYC,NYC-A,
19718,NYC-A-15,NYC,NYC-A,
19720,NYC-A-01,NYC,NYC-A,
19721,NYC-A-01,NYC,NYC-A,
19726,NYC-A-01,NYC,NYC-A,
19802,NYC-A-02,NYC,NYC-A,
19804,NYC-A-18,NYC,NYC-A,
19809,NYC-A-02,NYC,NYC-A,
19810,NYC-A-02,NYC,NYC-A,
19894,NYC-A-01,NYC,NYC-A,
19896,NYC-A-01,NYC,NYC-A,
85040,LAX-T-08,LAX,LAX-T,
85041,LAX-T-08,LAX,LAX-T,
85042,LAX-T-08,LAX,LAX-T,
85066,LAX-T-08,LAX,LAX-T,
85117,LAX-T-26,LAX,LAX-T,
85118,LAX-T-26,LAX,LAX-T,
85119,LAX-T-26,LAX,LAX-T,
85120,LAX-T-26,LAX,LAX-T,
85140,LAX-T-04,LAX,LAX-T,
85178,LAX-T-26,LAX,LAX-T,
85190,LAX-T-26,LAX,LAX-T,
85201,LAX-T-60,LAX,LAX-T,
85202,LAX-T-31,LAX,LAX-T,
85203,LAX-T-07,LAX,LAX-T,
85204,LAX-T-07,LAX,LAX-T,
85205,LAX-T-33,LAX,LAX-T,
85206,LAX-T-20,LAX,LAX-T,
85207,LAX-T-20,LAX,LAX-T,
85208,LAX-T-06,LAX,LAX-T,
85209,LAX-T-06,LAX,LAX-T,
85210,LAX-T-31,LAX,LAX-T,
85211,LAX-T-60,LAX,LAX-T,
85212,LAX-T-06,LAX,LAX-T,
85213,LAX-T-07,LAX,LAX-T,
85214,LAX-T-07,LAX,LAX-T,
85215,LAX-T-33,LAX,LAX-T,
85224,LAX-T-24,LAX,LAX-T,
85225,LAX-T-32,LAX,LAX-T,
85226,LAX-T-24,LAX,LAX-T,
85233,LAX-T-21,LAX,LAX-T,
85234,LAX-T-21,LAX,LAX-T,
85244,LAX-T-32,LAX,LAX-T,
85246,LAX-T-24,LAX,LAX-T,
85248,LAX-T-09,LAX,LAX-T,
85249,LAX-T-09,LAX,LAX-T,
85250,LAX-T-42,LAX,LAX-T,
85251,LAX-T-29,LAX,LAX-T,
85252,LAX-T-29,LAX,LAX-T,
85253,LAX-T-42,LAX,LAX-T,
85254,LAX-T-28,LAX,LAX-T,
85255,LAX-T-37,LAX,LAX-T,
85256,LAX-T-29,LAX,LAX-T,
85257,LAX-T-29,LAX,LAX-T,
85258,LAX-T-42,LAX,LAX-T,
85259,LAX-T-53,LAX,LAX-T,
85260,LAX-T-28,LAX,LAX-T,
85261,LAX-T-42,LAX,LAX-T,
85262,LAX-T-37,LAX,LAX-T,
85266,LAX-T-37,LAX,LAX-T,
85267,LAX-T-28,LAX,LAX-T,
85268,LAX-T-53,LAX,LAX-T,
85269,LAX-T-53,LAX,LAX-T,
85271,LAX-T-29,LAX,LAX-T,
85274,LAX-T-31,LAX,LAX-T,
85275,LAX-T-07,LAX,LAX-T,
85277,LAX-T-33,LAX,LAX-T,
85281,LAX-T-52,LAX,LAX-T,
85282,LAX-T-49,LAX,LAX-T,
85283,LAX-T-51,LAX,LAX-T,
85284,LAX-T-51,LAX,LAX-T,
85285,LAX-T-49,LAX,LAX-T,
85286,LAX-T-09,LAX,LAX-T,
85287,LAX-T-52,LAX,LAX-T,
85295,LAX-T-05,LAX,LAX-T,
85296,LAX-T-05,LAX,LAX-T,
85297,LAX-T-05,LAX,LAX-T,
85298,LAX-T-05,LAX,LAX-T,
11101,NYC-Q-01,NYC,NYC-Q,
11102,NYC-Q-01,NYC,NYC-Q,
11103,NYC-Q-01,NYC,NYC-Q,
11104,NYC-Q-01,NYC,NYC-Q,
11105,NYC-Q-01,NYC,NYC-Q,
11106,NYC-Q-01,NYC,NYC-Q,
11109,NYC-Q-01,NYC,NYC-Q,
11120,NYC-Q-01,NYC,NYC-Q,
11368,NYC-Q-15,NYC,NYC-Q,
11369,NYC-Q-13,NYC,NYC-Q,
11370,NYC-Q-13,NYC,NYC-Q,
11371,NYC-Q-13,NYC,NYC-Q,
11372,NYC-Q-14,NYC,NYC-Q,
11373,NYC-Q-15,NYC,NYC-Q,
11374,NYC-Q-16,NYC,NYC-Q,
11375,NYC-Q-17,NYC,NYC-Q,
11377,NYC-Q-18,NYC,NYC-Q,
11380,NYC-Q-15,NYC,NYC-Q,
11378,NYC-Q-19,NYC,NYC-Q,
11379,NYC-Q-20,NYC,NYC-Q,
11381,NYC-Q-20,NYC,NYC-Q,
11385,NYC-Q-21,NYC,NYC-Q,
11386,NYC-Q-21,NYC,NYC-Q,
11415,NYC-Q-25,NYC,NYC-Q,
11418,NYC-Q-26,NYC,NYC-Q,
11419,NYC-Q-27,NYC,NYC-Q,
11420,NYC-Q-28,NYC,NYC-Q,
11421,NYC-Q-29,NYC,NYC-Q,
11424,NYC-Q-25,NYC,NYC-Q,
11430,NYC-Q-36,NYC,NYC-Q,
11436,NYC-Q-28,NYC,NYC-Q,
11499,NYC-Q-36,NYC,NYC-Q,
11351,NYC-Q-04,NYC,NYC-Q,
11352,NYC-Q-04,NYC,NYC-Q,
11354,NYC-Q-03,NYC,NYC-Q,
11355,NYC-Q-04,NYC,NYC-Q,
11357,NYC-Q-06,NYC,NYC-Q,
11358,NYC-Q-07,NYC,NYC-Q,
11359,NYC-Q-08,NYC,NYC-Q,
11360,NYC-Q-08,NYC,NYC-Q,
11361,NYC-Q-08,NYC,NYC-Q,
11362,NYC-Q-09,NYC,NYC-Q,
11363,NYC-Q-09,NYC,NYC-Q,
11364,NYC-Q-10,NYC,NYC-Q,
11365,NYC-Q-11,NYC,NYC-Q,
11366,NYC-Q-11,NYC,NYC-Q,
11367,NYC-Q-12,NYC,NYC-Q,
11413,NYC-Q-02,NYC,NYC-Q,
11437,NYC-Q-02,NYC,NYC-Q,
11405,NYC-Q-33,NYC,NYC-Q,
11411,NYC-Q-22,NYC,NYC-Q,
11412,NYC-Q-23,NYC,NYC-Q,
11422,NYC-Q-30,NYC,NYC-Q,
11423,NYC-Q-31,NYC,NYC-Q,
11425,NYC-Q-34,NYC,NYC-Q,
11426,NYC-Q-35,NYC,NYC-Q,
11427,NYC-Q-32,NYC,NYC-Q,
11428,NYC-Q-32,NYC,NYC-Q,
11429,NYC-Q-32,NYC,NYC-Q,
11431,NYC-Q-33,NYC,NYC-Q,
11432,NYC-Q-33,NYC,NYC-Q,
11433,NYC-Q-33,NYC,NYC-Q,
11434,NYC-Q-34,NYC,NYC-Q,
11435,NYC-Q-33,NYC,NYC-Q,
11439,NYC-Q-33,NYC,NYC-Q,
11451,NYC-Q-33,NYC,NYC-Q,
11096,NYC-Q-37,NYC,NYC-Q,
11414,NYC-Q-24,NYC,NYC-Q,
11690,NYC-Q-37,NYC,NYC-Q,
11691,NYC-Q-37,NYC,NYC-Q,
11692,NYC-Q-38,NYC,NYC-Q,
11693,NYC-Q-38,NYC,NYC-Q,
11694,NYC-Q-39,NYC,NYC-Q,
11695,NYC-Q-39,NYC,NYC-Q,
11697,NYC-Q-39,NYC,NYC-Q,
11356,NYC-Q-05,NYC,NYC-Q,
92503,LAX-Z-07,LAX,LAX-MIX,
92505,LAX-Z-07,LAX,LAX-MIX,
92513,LAX-Z-07,LAX,LAX-MIX,
92501,LAX-Z-08,LAX,LAX-MIX,
92502,LAX-Z-08,LAX,LAX-MIX,
92522,LAX-Z-08,LAX,LAX-MIX,
92504,LAX-Z-09,LAX,LAX-MIX,
92506,LAX-Z-09,LAX,LAX-MIX,
92507,LAX-Z-09,LAX,LAX-MIX,
92508,LAX-Z-09,LAX,LAX-MIX,
92514,LAX-Z-09,LAX,LAX-MIX,
92516,LAX-Z-09,LAX,LAX-MIX,
92517,LAX-Z-09,LAX,LAX-MIX,
92518,LAX-Z-09,LAX,LAX-MIX,
92521,LAX-Z-09,LAX,LAX-MIX,
92313,LAX-Z-10,LAX,LAX-MIX,
92324,LAX-Z-10,LAX,LAX-MIX,
92318,LAX-Z-11,LAX,LAX-MIX,
92350,LAX-Z-11,LAX,LAX-MIX,
92354,LAX-Z-11,LAX,LAX-MIX,
92357,LAX-Z-11,LAX,LAX-MIX,
92551,LAX-Z-12,LAX,LAX-MIX,
92552,LAX-Z-12,LAX,LAX-MIX,
92553,LAX-Z-12,LAX,LAX-MIX,
92554,LAX-Z-12,LAX,LAX-MIX,
92555,LAX-Z-12,LAX,LAX-MIX,
92556,LAX-Z-12,LAX,LAX-MIX,
92557,LAX-Z-12,LAX,LAX-MIX,
92570,LAX-Z-13,LAX,LAX-MIX,
92571,LAX-Z-13,LAX,LAX-MIX,
92572,LAX-Z-13,LAX,LAX-MIX,
92599,LAX-Z-13,LAX,LAX-MIX,
92584,LAX-Z-14,LAX,LAX-MIX,
92585,LAX-Z-14,LAX,LAX-MIX,
92586,LAX-Z-14,LAX,LAX-MIX,
92587,LAX-Z-14,LAX,LAX-MIX,
92530,LAX-Z-15,LAX,LAX-MIX,
92531,LAX-Z-15,LAX,LAX-MIX,
92532,LAX-Z-15,LAX,LAX-MIX,
92595,LAX-Z-16,LAX,LAX-MIX,
92562,LAX-Z-17,LAX,LAX-MIX,
92563,LAX-Z-17,LAX,LAX-MIX,
92564,LAX-Z-17,LAX,LAX-MIX,
92589,LAX-Z-18,LAX,LAX-MIX,
92590,LAX-Z-18,LAX,LAX-MIX,
92591,LAX-Z-18,LAX,LAX-MIX,
92592,LAX-Z-18,LAX,LAX-MIX,
92373,LAX-Z-19,LAX,LAX-MIX,
92374,LAX-Z-19,LAX,LAX-MIX,
92375,LAX-Z-19,LAX,LAX-MIX,
92320,LAX-Z-20,LAX,LAX-MIX,
92399,LAX-Z-22,LAX,LAX-MIX,
92346,LAX-Z-23,LAX,LAX-MIX,
92404,LAX-Z-24,LAX,LAX-MIX,
92413,LAX-Z-24,LAX,LAX-MIX,
92405,LAX-Z-25,LAX,LAX-MIX,
92406,LAX-Z-25,LAX,LAX-MIX,
92401,LAX-Z-26,LAX,LAX-MIX,
92402,LAX-Z-26,LAX,LAX-MIX,
92408,LAX-Z-26,LAX,LAX-MIX,
92410,LAX-Z-26,LAX,LAX-MIX,
92415,LAX-Z-26,LAX,LAX-MIX,
92418,LAX-Z-26,LAX,LAX-MIX,
92411,LAX-Z-27,LAX,LAX-MIX,
92407,LAX-Z-28,LAX,LAX-MIX,
92427,LAX-Z-28,LAX,LAX-MIX,
92376,LAX-Z-29,LAX,LAX-MIX,
92377,LAX-Z-29,LAX,LAX-MIX,
92316,LAX-Z-30,LAX,LAX-MIX,
92334,LAX-Z-31,LAX,LAX-MIX,
92335,LAX-Z-31,LAX,LAX-MIX,
92336,LAX-Z-31,LAX,LAX-MIX,
92331,LAX-Z-32,LAX,LAX-MIX,
92337,LAX-Z-32,LAX,LAX-MIX,
96002,LAX-L-23,LAX,LAX-L,
96003,LAX-L-23,LAX,LAX-L,
96049,LAX-L-23,LAX,LAX-L,
89434,LAX-L-32,LAX,LAX-L,
89435,LAX-L-32,LAX,LAX-L,
89436,LAX-L-32,LAX,LAX-L,
89437,LAX-L-32,LAX,LAX-L,
89441,LAX-L-32,LAX,LAX-L,
89506,LAX-L-34,LAX,LAX-L,
89508,LAX-L-34,LAX,LAX-L,
89511,LAX-L-46,LAX,LAX-L,
89512,LAX-L-34,LAX,LAX-L,
89521,LAX-L-46,LAX,LAX-L,
89701,LAX-L-42,LAX,LAX-L,
89702,LAX-L-42,LAX,LAX-L,
89703,LAX-L-42,LAX,LAX-L,
89705,LAX-L-42,LAX,LAX-L,
89706,LAX-L-42,LAX,LAX-L,
89711,LAX-L-42,LAX,LAX-L,
89712,LAX-L-42,LAX,LAX-L,
89713,LAX-L-42,LAX,LAX-L,
89714,LAX-L-42,LAX,LAX-L,
94236,LAX-T-02,LAX,LAX-T,
94258,LAX-T-02,LAX,LAX-T,
95602,LAX-T-50,LAX,LAX-T,
95603,LAX-T-50,LAX,LAX-T,
95604,LAX-T-50,LAX,LAX-T,
95608,LAX-T-30,LAX,LAX-T,
95609,LAX-T-30,LAX,LAX-T,
95610,LAX-T-11,LAX,LAX-T,
95611,LAX-T-11,LAX,LAX-T,
95616,LAX-T-45,LAX,LAX-T,
95617,LAX-T-45,LAX,LAX-T,
95621,LAX-T-11,LAX,LAX-T,
95624,LAX-T-36,LAX,LAX-T,
95628,LAX-T-56,LAX,LAX-T,
95630,LAX-T-34,LAX,LAX-T,
95648,LAX-T-47,LAX,LAX-T,
95652,LAX-T-57,LAX,LAX-T,
95655,LAX-T-15,LAX,LAX-T,
95660,LAX-T-57,LAX,LAX-T,
95661,LAX-T-03,LAX,LAX-T,
95662,LAX-T-58,LAX,LAX-T,
95670,LAX-T-15,LAX,LAX-T,
95671,LAX-T-34,LAX,LAX-T,
95677,LAX-T-43,LAX,LAX-T,
95678,LAX-T-03,LAX,LAX-T,
95695,LAX-T-48,LAX,LAX-T,
95741,LAX-T-15,LAX,LAX-T,
95742,LAX-T-15,LAX,LAX-T,
95746,LAX-T-03,LAX,LAX-T,
95747,LAX-T-03,LAX,LAX-T,
95757,LAX-T-13,LAX,LAX-T,
95758,LAX-T-13,LAX,LAX-T,
95759,LAX-T-36,LAX,LAX-T,
95763,LAX-T-34,LAX,LAX-T,
95765,LAX-T-43,LAX,LAX-T,
95776,LAX-T-48,LAX,LAX-T,
95811,LAX-T-02,LAX,LAX-T,
95813,LAX-T-02,LAX,LAX-T,
95814,LAX-T-02,LAX,LAX-T,
95815,LAX-T-02,LAX,LAX-T,
95816,LAX-T-55,LAX,LAX-T,
95818,LAX-T-55,LAX,LAX-T,
95819,LAX-T-55,LAX,LAX-T,
95820,LAX-T-39,LAX,LAX-T,
95822,LAX-T-18,LAX,LAX-T,
95823,LAX-T-19,LAX,LAX-T,
95824,LAX-T-39,LAX,LAX-T,
95825,LAX-T-40,LAX,LAX-T,
95826,LAX-T-41,LAX,LAX-T,
95827,LAX-T-41,LAX,LAX-T,
95828,LAX-T-14,LAX,LAX-T,
95829,LAX-T-14,LAX,LAX-T,
95830,LAX-T-14,LAX,LAX-T,
95831,LAX-T-18,LAX,LAX-T,
95832,LAX-T-19,LAX,LAX-T,
95833,LAX-T-02,LAX,LAX-T,
95834,LAX-T-02,LAX,LAX-T,
95835,LAX-T-02,LAX,LAX-T,
95836,LAX-T-02,LAX,LAX-T,
95837,LAX-T-02,LAX,LAX-T,
95838,LAX-T-54,LAX,LAX-T,
95842,LAX-T-16,LAX,LAX-T,
95843,LAX-T-16,LAX,LAX-T,
95851,LAX-T-02,LAX,LAX-T,
95852,LAX-T-02,LAX,LAX-T,
95853,LAX-T-02,LAX,LAX-T,
95864,LAX-T-40,LAX,LAX-T,
95865,LAX-T-40,LAX,LAX-T,
95866,LAX-T-40,LAX,LAX-T,
95899,LAX-T-02,LAX,LAX-T,
95901,LAX-T-12,LAX,LAX-T,
95903,LAX-T-12,LAX,LAX-T,
95926,LAX-T-10,LAX,LAX-T,
95927,LAX-T-10,LAX,LAX-T,
95928,LAX-T-10,LAX,LAX-T,
95929,LAX-T-10,LAX,LAX-T,
95945,LAX-T-44,LAX,LAX-T,
95973,LAX-T-10,LAX,LAX-T,
95976,LAX-T-10,LAX,LAX-T,
95991,LAX-T-12,LAX,LAX-T,
95993,LAX-T-12,LAX,LAX-T,
92028,LAX-M-47,LAX,LAX-M,
92088,LAX-M-47,LAX,LAX-M,
93110,LAX-U-59,LAX,LAX-U,
93111,LAX-U-59,LAX,LAX-U,
93116,LAX-U-59,LAX,LAX-U,
93117,LAX-U-59,LAX,LAX-U,
93160,LAX-U-59,LAX,LAX-U,
92122,LAX-Y-20,LAX,LAX-MIX,
92037,LAX-Y-22,LAX,LAX-MIX,
92092,LAX-Y-22,LAX,LAX-MIX,
92093,LAX-Y-22,LAX,LAX-MIX,
92123,LAX-Y-23,LAX,LAX-MIX,
92193,LAX-Y-23,LAX,LAX-MIX,
92105,LAX-Y-24,LAX,LAX-MIX,
92165,LAX-Y-24,LAX,LAX-MIX,
91945,LAX-Y-25,LAX,LAX-MIX,
91946,LAX-Y-25,LAX,LAX-MIX,
91941,LAX-Y-26,LAX,LAX-MIX,
91943,LAX-Y-26,LAX,LAX-MIX,
91944,LAX-Y-26,LAX,LAX-MIX,
91976,LAX-Y-26,LAX,LAX-MIX,
91977,LAX-Y-26,LAX,LAX-MIX,
91978,LAX-Y-26,LAX,LAX-MIX,
91979,LAX-Y-26,LAX,LAX-MIX,
92102,LAX-Y-27,LAX,LAX-MIX,
92114,LAX-Y-27,LAX,LAX-MIX,
92174,LAX-Y-27,LAX,LAX-MIX,
91950,LAX-Y-28,LAX,LAX-MIX,
91951,LAX-Y-28,LAX,LAX-MIX,
92139,LAX-Y-29,LAX,LAX-MIX,
92149,LAX-Y-29,LAX,LAX-MIX,
91902,LAX-Y-30,LAX,LAX-MIX,
91908,LAX-Y-30,LAX,LAX-MIX,
91913,LAX-Y-31,LAX,LAX-MIX,
91914,LAX-Y-31,LAX,LAX-MIX,
91915,LAX-Y-31,LAX,LAX-MIX,
91921,LAX-Y-31,LAX,LAX-MIX,
91909,LAX-Y-32,LAX,LAX-MIX,
91910,LAX-Y-32,LAX,LAX-MIX,
91911,LAX-Y-32,LAX,LAX-MIX,
91912,LAX-Y-32,LAX,LAX-MIX,
92154,LAX-Y-33,LAX,LAX-MIX,
92143,LAX-Y-34,LAX,LAX-MIX,
92173,LAX-Y-34,LAX,LAX-MIX,
91932,LAX-Y-35,LAX,LAX-MIX,
91933,LAX-Y-35,LAX,LAX-MIX,
92118,LAX-Y-36,LAX,LAX-MIX,
92178,LAX-Y-36,LAX,LAX-MIX,
92113,LAX-Y-37,LAX,LAX-MIX,
92170,LAX-Y-37,LAX,LAX-MIX,
92106,LAX-Y-38,LAX,LAX-MIX,
92110,LAX-Y-38,LAX,LAX-MIX,
92137,LAX-Y-38,LAX,LAX-MIX,
92138,LAX-Y-38,LAX,LAX-MIX,
92166,LAX-Y-38,LAX,LAX-MIX,
92186,LAX-Y-38,LAX,LAX-MIX,
92101,LAX-Y-39,LAX,LAX-MIX,
92112,LAX-Y-39,LAX,LAX-MIX,
92103,LAX-Y-40,LAX,LAX-MIX,
92163,LAX-Y-40,LAX,LAX-MIX,
92108,LAX-Y-41,LAX,LAX-MIX,
92111,LAX-Y-41,LAX,LAX-MIX,
92168,LAX-Y-41,LAX,LAX-MIX,
92171,LAX-Y-41,LAX,LAX-MIX,
92040,LAX-Y-43,LAX,LAX-MIX,
92021,LAX-Y-44,LAX,LAX-MIX,
92019,LAX-Y-45,LAX,LAX-MIX,
92020,LAX-Y-45,LAX,LAX-MIX,
92022,LAX-Y-45,LAX,LAX-MIX,
92071,LAX-Y-46,LAX,LAX-MIX,
92072,LAX-Y-46,LAX,LAX-MIX,
92119,LAX-Y-47,LAX,LAX-MIX,
92159,LAX-Y-47,LAX,LAX-MIX,
91942,LAX-Y-48,LAX,LAX-MIX,
92115,LAX-Y-49,LAX,LAX-MIX,
92175,LAX-Y-49,LAX,LAX-MIX,
92195,LAX-Y-49,LAX,LAX-MIX,
92120,LAX-Y-50,LAX,LAX-MIX,
92124,LAX-Y-50,LAX,LAX-MIX,
92142,LAX-Y-50,LAX,LAX-MIX,
92160,LAX-Y-50,LAX,LAX-MIX,
92104,LAX-Y-51,LAX,LAX-MIX,
92116,LAX-Y-51,LAX,LAX-MIX,
92176,LAX-Y-51,LAX,LAX-MIX,
92107,LAX-Y-52,LAX,LAX-MIX,
92167,LAX-Y-52,LAX,LAX-MIX,
92109,LAX-Y-53,LAX,LAX-MIX,
92169,LAX-Y-53,LAX,LAX-MIX,
92117,LAX-Y-54,LAX,LAX-MIX,
92177,LAX-Y-54,LAX,LAX-MIX,
98012,LAX-P-42,LAX,LAX-P,
98021,LAX-P-42,LAX,LAX-P,
98030,LAX-P-09,LAX,LAX-P,
98031,LAX-P-09,LAX,LAX-P,
98032,LAX-P-09,LAX,LAX-P,
98033,LAX-P-52,LAX,LAX-P,
98034,LAX-P-52,LAX,LAX-P,
98036,LAX-P-13,LAX,LAX-P,
98037,LAX-P-13,LAX,LAX-P,
98043,LAX-P-13,LAX,LAX-P,
98046,LAX-P-13,LAX,LAX-P,
98052,LAX-P-34,LAX,LAX-P,
98053,LAX-P-34,LAX,LAX-P,
98056,LAX-P-49,LAX,LAX-P,
98057,LAX-P-49,LAX,LAX-P,
98059,LAX-P-49,LAX,LAX-P,
98064,LAX-P-09,LAX,LAX-P,
98073,LAX-P-34,LAX,LAX-P,
98074,LAX-P-34,LAX,LAX-P,
98082,LAX-P-42,LAX,LAX-P,
98083,LAX-P-52,LAX,LAX-P,
98087,LAX-P-13,LAX,LAX-P,
98102,LAX-P-38,LAX,LAX-P,
98104,LAX-P-38,LAX,LAX-P,
98106,LAX-P-50,LAX,LAX-P,
98112,LAX-P-38,LAX,LAX-P,
98121,LAX-P-38,LAX,LAX-P,
98122,LAX-P-38,LAX,LAX-P,
98126,LAX-P-50,LAX,LAX-P,
98136,LAX-P-50,LAX,LAX-P,
98146,LAX-P-50,LAX,LAX-P,
98154,LAX-P-38,LAX,LAX-P,
98164,LAX-P-38,LAX,LAX-P,
98174,LAX-P-38,LAX,LAX-P,
98201,LAX-P-51,LAX,LAX-P,
98203,LAX-P-51,LAX,LAX-P,
98204,LAX-P-24,LAX,LAX-P,
98206,LAX-P-51,LAX,LAX-P,
98207,LAX-P-51,LAX,LAX-P,
98208,LAX-P-24,LAX,LAX-P,
98213,LAX-P-51,LAX,LAX-P,
98275,LAX-P-24,LAX,LAX-P,
94010,LAX-M-52,LAX,LAX-M,
94011,LAX-M-52,LAX,LAX-M,
94014,LAX-M-04,LAX,LAX-M,
94015,LAX-M-04,LAX,LAX-M,
94016,LAX-M-04,LAX,LAX-M,
94017,LAX-M-04,LAX,LAX-M,
94025,LAX-M-50,LAX,LAX-M,
94026,LAX-M-50,LAX,LAX-M,
94027,LAX-M-50,LAX,LAX-M,
94028,LAX-M-50,LAX,LAX-M,
94044,LAX-M-49,LAX,LAX-M,
94061,LAX-M-18,LAX,LAX-M,
94062,LAX-M-18,LAX,LAX-M,
94063,LAX-M-18,LAX,LAX-M,
94065,LAX-M-18,LAX,LAX-M,
94066,LAX-M-05,LAX,LAX-M,
94080,LAX-M-05,LAX,LAX-M,
94083,LAX-M-05,LAX,LAX-M,
94102,LAX-M-03,LAX,LAX-M,
94103,LAX-M-27,LAX,LAX-M,
94104,LAX-M-27,LAX,LAX-M,
94105,LAX-M-27,LAX,LAX-M,
94107,LAX-M-03,LAX,LAX-M,
94108,LAX-M-35,LAX,LAX-M,
94109,LAX-M-35,LAX,LAX-M,
94110,LAX-M-25,LAX,LAX-M,
94112,LAX-M-01,LAX,LAX-M,
94114,LAX-M-25,LAX,LAX-M,
94115,LAX-M-37,LAX,LAX-M,
94116,LAX-M-59,LAX,LAX-M,
94117,LAX-M-01,LAX,LAX-M,
94118,LAX-M-37,LAX,LAX-M,
94121,LAX-M-03,LAX,LAX-M,
94122,LAX-M-03,LAX,LAX-M,
94124,LAX-M-48,LAX,LAX-M,
94127,LAX-M-01,LAX,LAX-M,
94130,LAX-M-27,LAX,LAX-M,
94131,LAX-M-01,LAX,LAX-M,
94132,LAX-M-01,LAX,LAX-M,
94134,LAX-M-01,LAX,LAX-M,
94141,LAX-M-25,LAX,LAX-M,
94142,LAX-M-03,LAX,LAX-M,
94146,LAX-M-03,LAX,LAX-M,
94158,LAX-M-27,LAX,LAX-M,
94164,LAX-M-35,LAX,LAX-M,
94401,LAX-M-06,LAX,LAX-M,
94402,LAX-M-06,LAX,LAX-M,
94403,LAX-M-06,LAX,LAX-M,
94404,LAX-M-06,LAX,LAX-M,
94497,LAX-M-06,LAX,LAX-M,
94022,LAX-U-60,LAX,LAX-U,
94023,LAX-U-60,LAX,LAX-U,
94024,LAX-U-60,LAX,LAX-U,
94035,LAX-U-24,LAX,LAX-U,
94040,LAX-U-24,LAX,LAX-U,
94041,LAX-U-24,LAX,LAX-U,
94043,LAX-U-24,LAX,LAX-U,
94086,LAX-U-07,LAX,LAX-U,
94087,LAX-U-07,LAX,LAX-U,
94088,LAX-U-07,LAX,LAX-U,
94089,LAX-U-07,LAX,LAX-U,
94301,LAX-U-12,LAX,LAX-U,
94302,LAX-U-12,LAX,LAX-U,
94303,LAX-U-12,LAX,LAX-U,
94304,LAX-U-12,LAX,LAX-U,
94305,LAX-U-12,LAX,LAX-U,
94306,LAX-U-12,LAX,LAX-U,
94309,LAX-U-12,LAX,LAX-U,
95008,LAX-U-55,LAX,LAX-U,
95009,LAX-U-55,LAX,LAX-U,
95011,LAX-U-55,LAX,LAX-U,
95014,LAX-U-50,LAX,LAX-U,
95015,LAX-U-50,LAX,LAX-U,
95035,LAX-U-11,LAX,LAX-U,
95036,LAX-U-11,LAX,LAX-U,
95037,LAX-U-48,LAX,LAX-U,
95038,LAX-U-48,LAX,LAX-U,
95050,LAX-U-32,LAX,LAX-U,
95051,LAX-U-39,LAX,LAX-U,
95054,LAX-U-32,LAX,LAX-U,
95055,LAX-U-39,LAX,LAX-U,
95056,LAX-U-32,LAX,LAX-U,
95060,LAX-U-31,LAX,LAX-U,
95061,LAX-U-31,LAX,LAX-U,
95062,LAX-U-47,LAX,LAX-U,
95064,LAX-U-31,LAX,LAX-U,
95065,LAX-U-31,LAX,LAX-U,
95066,LAX-U-47,LAX,LAX-U,
95067,LAX-U-47,LAX,LAX-U,
95103,LAX-U-18,LAX,LAX-U,
95106,LAX-U-18,LAX,LAX-U,
95108,LAX-U-18,LAX,LAX-U,
95109,LAX-U-18,LAX,LAX-U,
95110,LAX-U-18,LAX,LAX-U,
95111,LAX-U-02,LAX,LAX-U,
95112,LAX-U-18,LAX,LAX-U,
95113,LAX-U-18,LAX,LAX-U,
95115,LAX-U-18,LAX,LAX-U,
95116,LAX-U-54,LAX,LAX-U,
95117,LAX-U-21,LAX,LAX-U,
95118,LAX-U-28,LAX,LAX-U,
95119,LAX-U-09,LAX,LAX-U,
95121,LAX-U-02,LAX,LAX-U,
95122,LAX-U-06,LAX,LAX-U,
95123,LAX-U-09,LAX,LAX-U,
95124,LAX-U-57,LAX,LAX-U,
95125,LAX-U-04,LAX,LAX-U,
95126,LAX-U-04,LAX,LAX-U,
95127,LAX-U-34,LAX,LAX-U,
95128,LAX-U-04,LAX,LAX-U,
95129,LAX-U-21,LAX,LAX-U,
95130,LAX-U-21,LAX,LAX-U,
95131,LAX-U-38,LAX,LAX-U,
95132,LAX-U-25,LAX,LAX-U,
95133,LAX-U-25,LAX,LAX-U,
95134,LAX-U-38,LAX,LAX-U,
95135,LAX-U-06,LAX,LAX-U,
95136,LAX-U-28,LAX,LAX-U,
95138,LAX-U-02,LAX,LAX-U,
95139,LAX-U-09,LAX,LAX-U,
95148,LAX-U-06,LAX,LAX-U,
95150,LAX-U-04,LAX,LAX-U,
95151,LAX-U-06,LAX,LAX-U,
95152,LAX-U-25,LAX,LAX-U,
95153,LAX-U-09,LAX,LAX-U,
95154,LAX-U-57,LAX,LAX-U,
95155,LAX-U-04,LAX,LAX-U,
95156,LAX-U-54,LAX,LAX-U,
95157,LAX-U-21,LAX,LAX-U,
95158,LAX-U-28,LAX,LAX-U,
95159,LAX-U-04,LAX,LAX-U,
95164,LAX-U-38,LAX,LAX-U,
95170,LAX-U-21,LAX,LAX-U,
95172,LAX-U-18,LAX,LAX-U,
95173,LAX-U-06,LAX,LAX-U,
93433,LAX-L-53,LAX,LAX-L,
93445,LAX-L-53,LAX,LAX-L,
93449,LAX-L-53,LAX,LAX-L,
93454,LAX-L-29,LAX,LAX-L,
93455,LAX-L-29,LAX,LAX-L,
93456,LAX-L-29,LAX,LAX-L,
93458,LAX-L-29,LAX,LAX-L,
92201,LAX-Z-38,LAX,LAX-MIX,
92202,LAX-Z-38,LAX,LAX-MIX,
92203,LAX-Z-39,LAX,LAX-MIX,
92210,LAX-Z-40,LAX,LAX-MIX,
92211,LAX-Z-40,LAX,LAX-MIX,
92223,LAX-Z-34,LAX,LAX-MIX,
92240,LAX-Z-36,LAX,LAX-MIX,
92248,LAX-Z-39,LAX,LAX-MIX,
92253,LAX-Z-39,LAX,LAX-MIX,
92255,LAX-Z-40,LAX,LAX-MIX,
92260,LAX-Z-40,LAX,LAX-MIX,
92262,LAX-Z-41,LAX,LAX-MIX,
92263,LAX-Z-41,LAX,LAX-MIX,
92264,LAX-Z-41,LAX,LAX-MIX,
92270,LAX-Z-42,LAX,LAX-MIX,
92543,LAX-Z-37,LAX,LAX-MIX,
92544,LAX-Z-37,LAX,LAX-MIX,
92545,LAX-Z-37,LAX,LAX-MIX,
92546,LAX-Z-37,LAX,LAX-MIX,
92581,LAX-Z-43,LAX,LAX-MIX,
92582,LAX-Z-43,LAX,LAX-MIX,
92583,LAX-Z-43,LAX,LAX-MIX,
95202,LAX-P-05,LAX,LAX-P,
95203,LAX-P-05,LAX,LAX-P,
95204,LAX-P-05,LAX,LAX-P,
95205,LAX-P-45,LAX,LAX-P,
95206,LAX-P-44,LAX,LAX-P,
95207,LAX-P-05,LAX,LAX-P,
95208,LAX-P-05,LAX,LAX-P,
95209,LAX-P-22,LAX,LAX-P,
95210,LAX-P-22,LAX,LAX-P,
95211,LAX-P-05,LAX,LAX-P,
95212,LAX-P-05,LAX,LAX-P,
95213,LAX-P-44,LAX,LAX-P,
95215,LAX-P-45,LAX,LAX-P,
95240,LAX-P-37,LAX,LAX-P,
95241,LAX-P-37,LAX,LAX-P,
95242,LAX-P-37,LAX,LAX-P,
95269,LAX-P-22,LAX,LAX-P,
95296,LAX-P-05,LAX,LAX-P,
95297,LAX-P-44,LAX,LAX-P,
95304,LAX-P-35,LAX,LAX-P,
95307,LAX-P-59,LAX,LAX-P,
95337,LAX-P-57,LAX,LAX-P,
95340,LAX-P-18,LAX,LAX-P,
95341,LAX-P-18,LAX,LAX-P,
95343,LAX-P-18,LAX,LAX-P,
95344,LAX-P-18,LAX,LAX-P,
95348,LAX-P-18,LAX,LAX-P,
95350,LAX-P-19,LAX,LAX-P,
95351,LAX-P-41,LAX,LAX-P,
95352,LAX-P-19,LAX,LAX-P,
95353,LAX-P-19,LAX,LAX-P,
95354,LAX-P-19,LAX,LAX-P,
95355,LAX-P-11,LAX,LAX-P,
95356,LAX-P-11,LAX,LAX-P,
95357,LAX-P-11,LAX,LAX-P,
95358,LAX-P-41,LAX,LAX-P,
95376,LAX-P-47,LAX,LAX-P,
95377,LAX-P-35,LAX,LAX-P,
95378,LAX-P-47,LAX,LAX-P,
95380,LAX-P-33,LAX,LAX-P,
95381,LAX-P-33,LAX,LAX-P,
95382,LAX-P-33,LAX,LAX-P,
95391,LAX-P-35,LAX,LAX-P,
95397,LAX-P-19,LAX,LAX-P,
98001,LAX-M-22,LAX,LAX-M,
98002,LAX-M-22,LAX,LAX-M,
98003,LAX-M-15,LAX,LAX-M,
98023,LAX-M-15,LAX,LAX-M,
98047,LAX-M-22,LAX,LAX-M,
98071,LAX-M-22,LAX,LAX-M,
98092,LAX-M-22,LAX,LAX-M,
98093,LAX-M-15,LAX,LAX-M,
98352,LAX-M-33,LAX,LAX-M,
98366,LAX-M-36,LAX,LAX-M,
98367,LAX-M-36,LAX,LAX-M,
98371,LAX-M-17,LAX,LAX-M,
98372,LAX-M-33,LAX,LAX-M,
98373,LAX-M-17,LAX,LAX-M,
98374,LAX-M-17,LAX,LAX-M,
98375,LAX-M-17,LAX,LAX-M,
98378,LAX-M-36,LAX,LAX-M,
98388,LAX-M-40,LAX,LAX-M,
98390,LAX-M-33,LAX,LAX-M,
98391,LAX-M-33,LAX,LAX-M,
98404,LAX-M-11,LAX,LAX-M,
98405,LAX-M-11,LAX,LAX-M,
98406,LAX-M-44,LAX,LAX-M,
98408,LAX-M-11,LAX,LAX-M,
98409,LAX-M-11,LAX,LAX-M,
98412,LAX-M-16,LAX,LAX-M,
98416,LAX-M-44,LAX,LAX-M,
98439,LAX-M-40,LAX,LAX-M,
98443,LAX-M-11,LAX,LAX-M,
98444,LAX-M-16,LAX,LAX-M,
98445,LAX-M-16,LAX,LAX-M,
98446,LAX-M-16,LAX,LAX-M,
98447,LAX-M-16,LAX,LAX-M,
98448,LAX-M-16,LAX,LAX-M,
98464,LAX-M-44,LAX,LAX-M,
98465,LAX-M-44,LAX,LAX-M,
98466,LAX-M-44,LAX,LAX-M,
98467,LAX-M-44,LAX,LAX-M,
98496,LAX-M-40,LAX,LAX-M,
98497,LAX-M-40,LAX,LAX-M,
98498,LAX-M-40,LAX,LAX-M,
98499,LAX-M-40,LAX,LAX-M,
98501,LAX-M-43,LAX,LAX-M,
98502,LAX-M-43,LAX,LAX-M,
98503,LAX-M-43,LAX,LAX-M,
98505,LAX-M-43,LAX,LAX-M,
98506,LAX-M-43,LAX,LAX-M,
98507,LAX-M-43,LAX,LAX-M,
98512,LAX-M-43,LAX,LAX-M,
98901,LAX-M-19,LAX,LAX-M,
98902,LAX-M-19,LAX,LAX-M,
98903,LAX-M-19,LAX,LAX-M,
98904,LAX-M-19,LAX,LAX-M,
98907,LAX-M-19,LAX,LAX-M,
98908,LAX-M-19,LAX,LAX-M,
98909,LAX-M-19,LAX,LAX-M,
99301,LAX-M-13,LAX,LAX-M,
99302,LAX-M-13,LAX,LAX-M,
99336,LAX-M-13,LAX,LAX-M,
99337,LAX-M-13,LAX,LAX-M,
99338,LAX-M-13,LAX,LAX-M,
85705,LAX-P-54,LAX,LAX-P,
85706,LAX-P-46,LAX,LAX-P,
85708,LAX-P-48,LAX,LAX-P,
85710,LAX-P-07,LAX,LAX-P,
85711,LAX-P-48,LAX,LAX-P,
85712,LAX-P-48,LAX,LAX-P,
85714,LAX-P-46,LAX,LAX-P,
85730,LAX-P-07,LAX,LAX-P,
85731,LAX-P-07,LAX,LAX-P,
85732,LAX-P-48,LAX,LAX-P,
85734,LAX-P-46,LAX,LAX-P,
85735,LAX-P-53,LAX,LAX-P,
85741,LAX-P-28,LAX,LAX-P,
85742,LAX-P-28,LAX,LAX-P,
85743,LAX-P-28,LAX,LAX-P,
85745,LAX-P-54,LAX,LAX-P,
85746,LAX-P-53,LAX,LAX-P,
85747,LAX-P-07,LAX,LAX-P,
85748,LAX-P-07,LAX,LAX-P,
85752,LAX-P-28,LAX,LAX-P,
85754,LAX-P-54,LAX,LAX-P,
85756,LAX-P-46,LAX,LAX-P,
85757,LAX-P-53,LAX,LAX-P,
84003,LAX-S-39,LAX,LAX-S,
84005,LAX-S-04,LAX,LAX-S,
84009,LAX-S-25,LAX,LAX-S,
84010,LAX-S-28,LAX,LAX-S,
84011,LAX-S-28,LAX,LAX-S,
84015,LAX-S-31,LAX,LAX-S,
84020,LAX-S-47,LAX,LAX-S,
84040,LAX-S-16,LAX,LAX-S,
84041,LAX-S-16,LAX,LAX-S,
84042,LAX-S-44,LAX,LAX-S,
84043,LAX-S-04,LAX,LAX-S,
84045,LAX-S-04,LAX,LAX-S,
84054,LAX-S-28,LAX,LAX-S,
84056,LAX-S-31,LAX,LAX-S,
84057,LAX-S-57,LAX,LAX-S,
84058,LAX-S-43,LAX,LAX-S,
84059,LAX-S-57,LAX,LAX-S,
84062,LAX-S-44,LAX,LAX-S,
84065,LAX-S-08,LAX,LAX-S,
84067,LAX-S-54,LAX,LAX-S,
84070,LAX-S-29,LAX,LAX-S,
84081,LAX-S-06,LAX,LAX-S,
84084,LAX-S-06,LAX,LAX-S,
84087,LAX-S-28,LAX,LAX-S,
84088,LAX-S-06,LAX,LAX-S,
84089,LAX-S-31,LAX,LAX-S,
84090,LAX-S-60,LAX,LAX-S,
84091,LAX-S-29,LAX,LAX-S,
84092,LAX-S-60,LAX,LAX-S,
84093,LAX-S-60,LAX,LAX-S,
84094,LAX-S-29,LAX,LAX-S,
84095,LAX-S-25,LAX,LAX-S,
84096,LAX-S-08,LAX,LAX-S,
84097,LAX-S-43,LAX,LAX-S,
84101,LAX-S-46,LAX,LAX-S,
84102,LAX-S-46,LAX,LAX-S,
84103,LAX-S-46,LAX,LAX-S,
84105,LAX-S-51,LAX,LAX-S,
84106,LAX-S-51,LAX,LAX-S,
84107,LAX-S-17,LAX,LAX-S,
84110,LAX-S-46,LAX,LAX-S,
84111,LAX-S-46,LAX,LAX-S,
84115,LAX-S-59,LAX,LAX-S,
84116,LAX-S-58,LAX,LAX-S,
84117,LAX-S-56,LAX,LAX-S,
84118,LAX-S-12,LAX,LAX-S,
84119,LAX-S-02,LAX,LAX-S,
84120,LAX-S-02,LAX,LAX-S,
84123,LAX-S-17,LAX,LAX-S,
84124,LAX-S-56,LAX,LAX-S,
84128,LAX-S-02,LAX,LAX-S,
84129,LAX-S-12,LAX,LAX-S,
84133,LAX-S-46,LAX,LAX-S,
84138,LAX-S-46,LAX,LAX-S,
84143,LAX-S-46,LAX,LAX-S,
84145,LAX-S-46,LAX,LAX-S,
84147,LAX-S-46,LAX,LAX-S,
84151,LAX-S-46,LAX,LAX-S,
84152,LAX-S-51,LAX,LAX-S,
84157,LAX-S-17,LAX,LAX-S,
84165,LAX-S-59,LAX,LAX-S,
84170,LAX-S-02,LAX,LAX-S,
84180,LAX-S-46,LAX,LAX-S,
84190,LAX-S-59,LAX,LAX-S,
84201,LAX-S-24,LAX,LAX-S,
84244,LAX-S-24,LAX,LAX-S,
84321,LAX-S-53,LAX,LAX-S,
84322,LAX-S-53,LAX,LAX-S,
84323,LAX-S-53,LAX,LAX-S,
84401,LAX-S-24,LAX,LAX-S,
84402,LAX-S-24,LAX,LAX-S,
84404,LAX-S-11,LAX,LAX-S,
84405,LAX-S-24,LAX,LAX-S,
84407,LAX-S-24,LAX,LAX-S,
84408,LAX-S-24,LAX,LAX-S,
84409,LAX-S-24,LAX,LAX-S,
84412,LAX-S-11,LAX,LAX-S,
84414,LAX-S-11,LAX,LAX-S,
97003,LAX-L-15,LAX,LAX-L,
97005,LAX-L-37,LAX,LAX-L,
97006,LAX-L-15,LAX,LAX-L,
97007,LAX-L-39,LAX,LAX-L,
97008,LAX-L-37,LAX,LAX-L,
97015,LAX-L-31,LAX,LAX-L,
97027,LAX-L-31,LAX,LAX-L,
97030,LAX-L-17,LAX,LAX-L,
97045,LAX-L-36,LAX,LAX-L,
97062,LAX-L-44,LAX,LAX-L,
97075,LAX-L-37,LAX,LAX-L,
97076,LAX-L-37,LAX,LAX-L,
97077,LAX-L-37,LAX,LAX-L,
97078,LAX-L-39,LAX,LAX-L,
97079,LAX-L-37,LAX,LAX-L,
97080,LAX-L-17,LAX,LAX-L,
97086,LAX-L-31,LAX,LAX-L,
97123,LAX-L-18,LAX,LAX-L,
97124,LAX-L-18,LAX,LAX-L,
97129,LAX-L-18,LAX,LAX-L,
97140,LAX-L-44,LAX,LAX-L,
97206,LAX-L-55,LAX,LAX-L,
97213,LAX-L-54,LAX,LAX-L,
97215,LAX-L-19,LAX,LAX-L,
97218,LAX-L-54,LAX,LAX-L,
97219,LAX-L-47,LAX,LAX-L,
97220,LAX-L-07,LAX,LAX-L,
97222,LAX-L-33,LAX,LAX-L,
97223,LAX-L-24,LAX,LAX-L,
97224,LAX-L-24,LAX,LAX-L,
97229,LAX-L-15,LAX,LAX-L,
97230,LAX-L-07,LAX,LAX-L,
97233,LAX-L-07,LAX,LAX-L,
97236,LAX-L-19,LAX,LAX-L,
97239,LAX-L-47,LAX,LAX-L,
97254,LAX-L-54,LAX,LAX-L,
97266,LAX-L-19,LAX,LAX-L,
97267,LAX-L-33,LAX,LAX-L,
97268,LAX-L-33,LAX,LAX-L,
97280,LAX-L-47,LAX,LAX-L,
97281,LAX-L-24,LAX,LAX-L,
97286,LAX-L-55,LAX,LAX-L,
97291,LAX-L-15,LAX,LAX-L,
97294,LAX-L-07,LAX,LAX-L,
97301,LAX-L-28,LAX,LAX-L,
97302,LAX-L-40,LAX,LAX-L,
97303,LAX-L-26,LAX,LAX-L,
97305,LAX-L-26,LAX,LAX-L,
97306,LAX-L-40,LAX,LAX-L,
97309,LAX-L-28,LAX,LAX-L,
97310,LAX-L-28,LAX,LAX-L,
97311,LAX-L-28,LAX,LAX-L,
97312,LAX-L-28,LAX,LAX-L,
97314,LAX-L-28,LAX,LAX-L,
97317,LAX-L-28,LAX,LAX-L,
97321,LAX-L-30,LAX,LAX-L,
97322,LAX-L-30,LAX,LAX-L,
97330,LAX-L-52,LAX,LAX-L,
97331,LAX-L-52,LAX,LAX-L,
97333,LAX-L-52,LAX,LAX-L,
97339,LAX-L-52,LAX,LAX-L,
97701,LAX-L-41,LAX,LAX-L,
97703,LAX-L-41,LAX,LAX-L,
97707,LAX-L-41,LAX,LAX-L,
97708,LAX-L-41,LAX,LAX-L,
97709,LAX-L-41,LAX,LAX-L,
98604,LAX-L-50,LAX,LAX-L,
98622,LAX-L-50,LAX,LAX-L,
98632,LAX-L-38,LAX,LAX-L,
98660,LAX-L-06,LAX,LAX-L,
98661,LAX-L-06,LAX,LAX-L,
98662,LAX-L-04,LAX,LAX-L,
98663,LAX-L-06,LAX,LAX-L,
98664,LAX-L-04,LAX,LAX-L,
98665,LAX-L-06,LAX,LAX-L,
98668,LAX-L-06,LAX,LAX-L,
98682,LAX-L-04,LAX,LAX-L,
98683,LAX-L-04,LAX,LAX-L,
98684,LAX-L-04,LAX,LAX-L,
98685,LAX-L-06,LAX,LAX-L,
98686,LAX-L-06,LAX,LAX-L,
89002,LAX-L-10,LAX,LAX-L,
89009,LAX-L-10,LAX,LAX-L,
89011,LAX-L-10,LAX,LAX-L,
89012,LAX-L-12,LAX,LAX-L,
89014,LAX-L-12,LAX,LAX-L,
89015,LAX-L-10,LAX,LAX-L,
89031,LAX-L-02,LAX,LAX-L,
89032,LAX-L-02,LAX,LAX-L,
89033,LAX-L-02,LAX,LAX-L,
89044,LAX-L-25,LAX,LAX-L,
89052,LAX-L-25,LAX,LAX-L,
89053,LAX-L-12,LAX,LAX-L,
89074,LAX-L-12,LAX,LAX-L,
89077,LAX-L-25,LAX,LAX-L,
89081,LAX-L-02,LAX,LAX-L,
89084,LAX-L-02,LAX,LAX-L,
89085,LAX-L-02,LAX,LAX-L,
89086,LAX-L-02,LAX,LAX-L,
89087,LAX-L-02,LAX,LAX-L,
89101,LAX-L-43,LAX,LAX-L,
89102,LAX-L-16,LAX,LAX-L,
89103,LAX-L-22,LAX,LAX-L,
89104,LAX-L-51,LAX,LAX-L,
89105,LAX-L-08,LAX,LAX-L,
89106,LAX-L-43,LAX,LAX-L,
89107,LAX-L-16,LAX,LAX-L,
89108,LAX-L-03,LAX,LAX-L,
89109,LAX-L-21,LAX,LAX-L,
89110,LAX-L-09,LAX,LAX-L,
89111,LAX-L-21,LAX,LAX-L,
89112,LAX-L-14,LAX,LAX-L,
89113,LAX-L-01,LAX,LAX-L,
89114,LAX-L-16,LAX,LAX-L,
89115,LAX-L-09,LAX,LAX-L,
89116,LAX-L-51,LAX,LAX-L,
89117,LAX-L-11,LAX,LAX-L,
89118,LAX-L-22,LAX,LAX-L,
89119,LAX-L-21,LAX,LAX-L,
89120,LAX-L-14,LAX,LAX-L,
89121,LAX-L-14,LAX,LAX-L,
89122,LAX-L-20,LAX,LAX-L,
89123,LAX-L-08,LAX,LAX-L,
89124,LAX-L-05,LAX,LAX-L,
89126,LAX-L-16,LAX,LAX-L,
89127,LAX-L-43,LAX,LAX-L,
89128,LAX-L-03,LAX,LAX-L,
89129,LAX-L-03,LAX,LAX-L,
89130,LAX-L-05,LAX,LAX-L,
89131,LAX-L-05,LAX,LAX-L,
89132,LAX-L-21,LAX,LAX-L,
89133,LAX-L-03,LAX,LAX-L,
89134,LAX-L-13,LAX,LAX-L,
89135,LAX-L-13,LAX,LAX-L,
89136,LAX-L-05,LAX,LAX-L,
89137,LAX-L-13,LAX,LAX-L,
89138,LAX-L-13,LAX,LAX-L,
89139,LAX-L-01,LAX,LAX-L,
89140,LAX-L-01,LAX,LAX-L,
89141,LAX-L-08,LAX,LAX-L,
89142,LAX-L-20,LAX,LAX-L,
89143,LAX-L-05,LAX,LAX-L,
89144,LAX-L-13,LAX,LAX-L,
89145,LAX-L-13,LAX,LAX-L,
89146,LAX-L-16,LAX,LAX-L,
89147,LAX-L-11,LAX,LAX-L,
89148,LAX-L-01,LAX,LAX-L,
89149,LAX-L-05,LAX,LAX-L,
89155,LAX-L-43,LAX,LAX-L,
89156,LAX-L-09,LAX,LAX-L,
89158,LAX-L-21,LAX,LAX-L,
89160,LAX-L-14,LAX,LAX-L,
89162,LAX-L-20,LAX,LAX-L,
89165,LAX-L-09,LAX,LAX-L,
89166,LAX-L-05,LAX,LAX-L,
89169,LAX-L-21,LAX,LAX-L,
89170,LAX-L-21,LAX,LAX-L,
89173,LAX-L-22,LAX,LAX-L,
89178,LAX-L-01,LAX,LAX-L,
89179,LAX-L-01,LAX,LAX-L,
89180,LAX-L-11,LAX,LAX-L,
89183,LAX-L-08,LAX,LAX-L,
93230,LAX-L-49,LAX,LAX-L,
93232,LAX-L-49,LAX,LAX-L,
93010,LAX-Y-57,LAX,LAX-MIX,
93011,LAX-Y-57,LAX,LAX-MIX,
93012,LAX-Y-57,LAX,LAX-MIX,
93022,LAX-Y-60,LAX,LAX-MIX,
93024,LAX-Y-61,LAX,LAX-MIX,
93030,LAX-Y-62,LAX,LAX-MIX,
93031,LAX-Y-62,LAX,LAX-MIX,
93033,LAX-Y-62,LAX,LAX-MIX,
93035,LAX-Y-62,LAX,LAX-MIX,
93036,LAX-Y-62,LAX,LAX-MIX,
93041,LAX-Y-62,LAX,LAX-MIX,
93042,LAX-Y-62,LAX,LAX-MIX,
93043,LAX-Y-62,LAX,LAX-MIX,
93044,LAX-Y-62,LAX,LAX-MIX,
93016,LAX-Y-58,LAX,LAX-MIX,
93060,LAX-Z-01,LAX,LAX-MIX,
93061,LAX-Z-01,LAX,LAX-MIX,
93001,LAX-Z-04,LAX,LAX-MIX,
93002,LAX-Z-04,LAX,LAX-MIX,
93003,LAX-Z-05,LAX,LAX-MIX,
93004,LAX-Z-05,LAX,LAX-MIX,
93006,LAX-Z-05,LAX,LAX-MIX,
93007,LAX-Z-05,LAX,LAX-MIX,
93009,LAX-Z-05,LAX,LAX-MIX,
10708,NYC-W-20,NYC,NYC-W,
10703,NYC-W-15,NYC,NYC-W,
10707,NYC-W-19,NYC,NYC-W,
10709,NYC-W-19,NYC,NYC-W,
10710,NYC-W-21,NYC,NYC-W,
10803,NYC-W-23,NYC,NYC-W,
10801,NYC-W-22,NYC,NYC-W,
10802,NYC-W-22,NYC,NYC-W,
10805,NYC-W-22,NYC,NYC-W,
10583,NYC-W-10,NYC,NYC-W,
10530,NYC-W-11,NYC,NYC-W,
10573,NYC-W-08,NYC,NYC-W,
10591,NYC-W-13,NYC,NYC-W,
10580,NYC-W-09,NYC,NYC-W,
10570,NYC-W-07,NYC,NYC-W,
10543,NYC-W-01,NYC,NYC-W,
10033,NYC-M-14,NYC,NYC-M,
10034,NYC-M-14,NYC,NYC-M,
10040,NYC-M-14,NYC,NYC-M,
10550,NYC-W-04,NYC,NYC-W,
10551,NYC-W-04,NYC,NYC-W,
10552,NYC-W-04,NYC,NYC-W,
10553,NYC-W-04,NYC,NYC-W,
10704,NYC-W-17,NYC,NYC-W,
10701,NYC-W-16,NYC,NYC-W,
10702,NYC-W-16,NYC,NYC-W,
10705,NYC-W-18,NYC,NYC-W,
10601,NYC-W-14,NYC,NYC-W,
10602,NYC-W-14,NYC,NYC-W,
10603,NYC-W-14,NYC,NYC-W,
10604,NYC-W-14,NYC,NYC-W,
10605,NYC-W-14,NYC,NYC-W,
10606,NYC-W-14,NYC,NYC-W,
10607,NYC-W-14,NYC,NYC-W,
10804,NYC-W-24,NYC,NYC-W,
10537,NYC-W-02,NYC,NYC-W,
10547,NYC-W-02,NYC,NYC-W,
10549,NYC-W-03,NYC,NYC-W,
10562,NYC-W-05,NYC,NYC-W,
10566,NYC-W-06,NYC,NYC-W,
10567,NYC-W-06,NYC,NYC-W,
10578,NYC-W-12,NYC,NYC-W,
10588,NYC-W-02,NYC,NYC-W,
10589,NYC-W-12,NYC,NYC-W,
85364,LAX-M-08,LAX,LAX-M,
85365,LAX-M-08,LAX,LAX-M,
85366,LAX-M-08,LAX,LAX-M,
85369,LAX-M-08,LAX,LAX-M,
